f_1,f_2,f_3,a_1,a_2
100.0,-33.727,15.126,-1.571,0.313
100.0,-30.598,16.958,-1.571,0.431
100.0,-25.611,18.445,-1.571,0.545
100.0,-18.754,19.524,-1.571,0.656
100.0,-10.843,20.186,-1.571,0.757
100.0,-3.237,20.504,-1.571,0.839
100.0,3.101,20.557,-1.571,0.896
100.0,7.932,20.387,-1.571,0.932
100.0,11.406,20.021,-1.571,0.952
100.0,13.776,19.486,-1.571,0.962
100.0,15.289,18.817,-1.571,0.965
100.0,36.619,12.163,-1.498,0.896
100.0,36.139,11.543,-1.47,0.871
100.0,35.393,10.909,-1.44,0.845
100.0,34.414,10.264,-1.408,0.817
100.0,33.228,9.61,-1.374,0.789
100.0,31.857,8.95,-1.339,0.759
100.0,30.32,8.284,-1.302,0.729
100.0,28.637,7.614,-1.265,0.699
100.0,26.829,6.939,-1.226,0.668
100.0,24.916,6.257,-1.188,0.636
100.0,22.92,5.567,-1.149,0.604
100.0,20.863,4.864,-1.112,0.573
100.0,18.767,4.145,-1.076,0.541
100.0,16.652,3.405,-1.041,0.509
100.0,14.538,2.638,-1.009,0.477
100.0,12.442,1.84,-0.978,0.445
100.0,10.381,1.007,-0.95,0.413
100.0,8.368,0.137,-0.925,0.38
100.0,6.413,-0.773,-0.903,0.348
100.0,4.526,-1.72,-0.882,0.316
100.0,2.715,-2.701,-0.865,0.284
100.0,0.985,-3.713,-0.85,0.252
100.0,-0.66,-4.748,-0.836,0.221
100.0,-2.217,-5.8,-0.825,0.19
100.0,-3.687,-6.862,-0.815,0.159
100.0,-5.069,-7.926,-0.807,0.13
100.0,-6.366,-8.987,-0.8,0.101
100.0,-7.583,-10.038,-0.793,0.073
100.0,-8.725,-11.074,-0.787,0.046
100.0,-9.801,-12.09,-0.781,0.021
100.0,-10.82,-13.084,-0.776,-0.002
100.0,-11.797,-14.048,-0.77,-0.023
100.0,-12.744,-14.979,-0.764,-0.042
100.0,-13.68,-15.871,-0.758,-0.057
100.0,-14.621,-16.718,-0.751,-0.069
100.0,-15.585,-17.514,-0.743,-0.076
100.0,-16.587,-18.255,-0.734,-0.078
100.0,-17.641,-18.936,-0.725,-0.074
100.0,-18.755,-19.556,-0.714,-0.065
100.0,-19.93,-20.116,-0.702,-0.049
100.0,-21.158,-20.621,-0.689,-0.028
100.0,-22.427,-21.079,-0.675,-0.003
100.0,-23.713,-21.501,-0.661,0.025
100.0,-24.994,-21.899,-0.646,0.056
100.0,-26.244,-22.285,-0.632,0.086
100.0,-27.441,-22.667,-0.618,0.115
100.0,-28.57,-23.054,-0.605,0.141
100.0,-29.621,-23.451,-0.593,0.165
100.0,-30.591,-23.86,-0.581,0.186
100.0,-31.48,-24.28,-0.571,0.204
100.0,-32.291,-24.712,-0.561,0.219
100.0,-33.032,-25.154,-0.552,0.23
100.0,-33.709,-25.603,-0.544,0.239
100.0,-34.328,-26.058,-0.536,0.246
100.0,-34.896,-26.516,-0.529,0.251
100.0,-35.418,-26.976,-0.522,0.254
100.0,-35.9,-27.436,-0.516,0.256
100.0,-36.345,-27.894,-0.511,0.256
100.0,-36.759,-28.348,-0.506,0.255
100.0,-37.143,-28.797,-0.501,0.253
100.0,-37.501,-29.24,-0.497,0.25
100.0,-37.834,-29.674,-0.493,0.247
100.0,-38.145,-30.1,-0.489,0.243
100.0,-38.435,-30.516,-0.485,0.238
100.0,-38.706,-30.92,-0.482,0.233
100.0,-38.958,-31.312,-0.479,0.228
100.0,-39.193,-31.69,-0.476,0.222
100.0,-39.411,-32.055,-0.473,0.216
100.0,-39.612,-32.403,-0.471,0.21
100.0,-39.798,-32.736,-0.468,0.204
100.0,-39.968,-33.051,-0.466,0.198
100.0,-40.124,-33.349,-0.464,0.192
100.0,-40.265,-33.628,-0.461,0.185
100.0,-40.392,-33.888,-0.459,0.179
100.0,-40.505,-34.127,-0.457,0.173
100.0,-40.605,-34.347,-0.455,0.166
100.0,-40.692,-34.545,-0.454,0.16
100.0,-40.767,-34.721,-0.452,0.154
100.0,-40.83,-34.876,-0.45,0.148
100.0,-40.881,-35.008,-0.448,0.142
100.0,-40.92,-35.118,-0.446,0.136
100.0,-40.949,-35.204,-0.445,0.13
100.0,-40.968,-35.268,-0.443,0.125
100.0,-40.977,-35.309,-0.441,0.119
100.0,-40.977,-35.327,-0.439,0.114
100.0,-40.968,-35.321,-0.438,0.109
100.0,-40.951,-35.293,-0.436,0.104
100.0,-40.925,-35.242,-0.434,0.099
100.0,-40.893,-35.169,-0.432,0.094
100.0,-40.854,-35.074,-0.431,0.089
100.0,-40.808,-34.957,-0.429,0.085
100.0,-40.757,-34.819,-0.427,0.081
100.0,-40.7,-34.661,-0.425,0.076
100.0,-40.638,-34.482,-0.424,0.072
100.0,-40.571,-34.284,-0.422,0.068
100.0,-40.499,-34.068,-0.42,0.064
100.0,-40.424,-33.834,-0.419,0.061
100.0,-40.345,-33.582,-0.417,0.057
100.0,-40.262,-33.315,-0.415,0.054
100.0,-40.175,-33.033,-0.414,0.05
100.0,-40.085,-32.736,-0.412,0.047
100.0,-39.992,-32.426,-0.41,0.044
100.0,-39.896,-32.104,-0.409,0.041
100.0,-39.797,-31.771,-0.407,0.038
100.0,-39.694,-31.427,-0.406,0.035
100.0,-39.588,-31.074,-0.404,0.032
100.0,-39.479,-30.713,-0.403,0.029
100.0,-39.367,-30.346,-0.402,0.026
100.0,-39.251,-29.972,-0.401,0.023
100.0,-39.132,-29.593,-0.399,0.02
100.0,-39.008,-29.209,-0.398,0.018
100.0,-38.881,-28.823,-0.398,0.015
100.0,-38.749,-28.435,-0.397,0.012
100.0,-38.612,-28.046,-0.396,0.009
100.0,-38.471,-27.657,-0.395,0.006
100.0,-38.324,-27.268,-0.395,0.003
100.0,-38.172,-26.881,-0.395,0.0
100.0,-38.014,-26.496,-0.395,-0.003
100.0,-37.85,-26.115,-0.394,-0.006
100.0,-37.68,-25.737,-0.395,-0.01
100.0,-37.503,-25.364,-0.395,-0.014
100.0,-37.319,-24.996,-0.395,-0.017
100.0,-37.127,-24.634,-0.396,-0.022
100.0,-36.928,-24.278,-0.397,-0.026
100.0,-36.722,-23.929,-0.398,-0.031
100.0,-36.507,-23.588,-0.399,-0.036
100.0,-36.284,-23.254,-0.4,-0.041
100.0,-36.054,-22.928,-0.402,-0.046
100.0,-35.815,-22.611,-0.403,-0.052
100.0,-35.567,-22.303,-0.405,-0.058
100.0,-35.312,-22.004,-0.407,-0.065
100.0,-35.048,-21.714,-0.41,-0.072
100.0,-34.776,-21.433,-0.412,-0.079
100.0,-34.497,-21.162,-0.415,-0.086
100.0,-34.21,-20.9,-0.417,-0.094
100.0,-33.915,-20.647,-0.42,-0.102
100.0,-33.614,-20.404,-0.423,-0.111
100.0,-33.307,-20.17,-0.426,-0.12
100.0,-32.994,-19.945,-0.429,-0.128
100.0,-32.675,-19.729,-0.433,-0.138
100.0,-32.352,-19.522,-0.436,-0.147
100.0,-32.025,-19.324,-0.439,-0.156
100.0,-31.695,-19.134,-0.443,-0.166
100.0,-31.362,-18.952,-0.446,-0.176
100.0,-31.027,-18.778,-0.449,-0.185
100.0,-30.691,-18.612,-0.453,-0.195
100.0,-30.355,-18.453,-0.456,-0.204
100.0,-30.02,-18.301,-0.459,-0.214
100.0,-29.686,-18.157,-0.462,-0.223
100.0,-29.354,-18.019,-0.465,-0.233
100.0,-29.025,-17.888,-0.468,-0.242
100.0,-28.7,-17.763,-0.471,-0.25
100.0,-28.38,-17.645,-0.474,-0.259
100.0,-28.065,-17.533,-0.476,-0.267
100.0,-27.757,-17.427,-0.479,-0.275
100.0,-27.455,-17.327,-0.481,-0.283
100.0,-27.16,-17.233,-0.483,-0.29
100.0,-26.874,-17.144,-0.485,-0.297
100.0,-26.596,-17.062,-0.486,-0.303
100.0,-26.328,-16.986,-0.488,-0.309
100.0,-26.068,-16.915,-0.489,-0.315
100.0,-25.819,-16.851,-0.49,-0.321
100.0,-25.58,-16.792,-0.491,-0.326
100.0,-25.351,-16.739,-0.492,-0.33
100.0,-25.133,-16.692,-0.492,-0.335
100.0,-24.926,-16.651,-0.492,-0.339
100.0,-24.729,-16.615,-0.493,-0.342
100.0,-24.543,-16.585,-0.493,-0.346
100.0,-24.368,-16.561,-0.493,-0.349
100.0,-24.203,-16.542,-0.492,-0.352
100.0,-24.049,-16.529,-0.492,-0.355
100.0,-23.905,-16.521,-0.492,-0.357
100.0,-23.771,-16.519,-0.491,-0.359
100.0,-23.647,-16.521,-0.49,-0.361
100.0,-23.532,-16.529,-0.49,-0.363
100.0,-23.427,-16.541,-0.489,-0.365
100.0,-23.329,-16.558,-0.488,-0.367
100.0,-23.241,-16.579,-0.487,-0.368
100.0,-23.16,-16.604,-0.486,-0.37
100.0,-23.086,-16.633,-0.485,-0.371
100.0,-23.02,-16.666,-0.484,-0.372
100.0,-22.96,-16.702,-0.483,-0.374
100.0,-22.907,-16.742,-0.482,-0.375
100.0,-22.859,-16.785,-0.48,-0.376
100.0,-22.816,-16.831,-0.479,-0.377
100.0,-22.779,-16.879,-0.478,-0.378
100.0,-22.745,-16.93,-0.477,-0.379
100.0,-22.716,-16.983,-0.475,-0.38
100.0,-22.69,-17.038,-0.474,-0.381
100.0,-22.667,-17.096,-0.473,-0.382
100.0,-22.647,-17.154,-0.471,-0.382
100.0,-22.63,-17.215,-0.47,-0.383
100.0,-22.614,-17.277,-0.469,-0.384
100.0,-22.6,-17.34,-0.467,-0.385
100.0,-22.587,-17.404,-0.466,-0.386
100.0,-22.575,-17.47,-0.465,-0.386
100.0,-22.563,-17.536,-0.463,-0.387
100.0,-22.551,-17.603,-0.462,-0.388
100.0,-22.54,-17.67,-0.46,-0.389
100.0,-22.528,-17.739,-0.459,-0.389
100.0,-22.516,-17.807,-0.458,-0.39
100.0,-22.502,-17.876,-0.456,-0.391
100.0,-22.487,-17.946,-0.455,-0.391
100.0,-22.471,-18.015,-0.453,-0.392
100.0,-22.454,-18.085,-0.452,-0.393
100.0,-22.434,-18.155,-0.45,-0.393
100.0,-22.413,-18.225,-0.449,-0.394
100.0,-22.389,-18.295,-0.447,-0.394
100.0,-22.363,-18.365,-0.446,-0.395
100.0,-22.334,-18.435,-0.444,-0.395
100.0,-22.302,-18.505,-0.443,-0.396
100.0,-22.268,-18.575,-0.441,-0.396
100.0,-22.231,-18.645,-0.439,-0.397
100.0,-22.19,-18.714,-0.438,-0.397
100.0,-22.146,-18.784,-0.436,-0.398
100.0,-22.099,-18.853,-0.434,-0.398
100.0,-22.048,-18.922,-0.433,-0.398
100.0,-21.994,-18.991,-0.431,-0.399
100.0,-21.936,-19.059,-0.429,-0.399
100.0,-21.874,-19.127,-0.427,-0.399
100.0,-21.808,-19.196,-0.426,-0.399
100.0,-21.739,-19.263,-0.424,-0.4
100.0,-21.665,-19.331,-0.422,-0.4
100.0,-21.587,-19.398,-0.42,-0.4
100.0,-21.505,-19.465,-0.418,-0.4
100.0,-21.419,-19.532,-0.416,-0.4
100.0,-21.329,-19.599,-0.414,-0.4
100.0,-21.234,-19.665,-0.412,-0.4
100.0,-21.135,-19.731,-0.41,-0.4
100.0,-21.031,-19.797,-0.408,-0.4
100.0,-20.923,-19.862,-0.406,-0.399
100.0,-20.81,-19.927,-0.404,-0.399
100.0,-20.692,-19.992,-0.401,-0.399
100.0,-20.57,-20.056,-0.399,-0.399
100.0,-20.443,-20.121,-0.397,-0.398
100.0,-20.311,-20.184,-0.395,-0.398
100.0,-20.174,-20.248,-0.392,-0.397
100.0,-20.032,-20.311,-0.39,-0.397
100.0,-19.885,-20.373,-0.387,-0.396
100.0,-19.733,-20.435,-0.385,-0.396
100.0,-19.576,-20.497,-0.382,-0.395
100.0,-19.413,-20.558,-0.38,-0.394
100.0,-19.245,-20.618,-0.377,-0.393
100.0,-19.071,-20.678,-0.375,-0.392
100.0,-18.892,-20.738,-0.372,-0.391
100.0,-18.707,-20.797,-0.369,-0.39
100.0,-18.516,-20.854,-0.366,-0.389
100.0,-18.32,-20.912,-0.364,-0.388
100.0,-18.117,-20.968,-0.361,-0.386
100.0,-17.908,-21.023,-0.358,-0.385
100.0,-17.693,-21.078,-0.355,-0.383
100.0,-17.471,-21.131,-0.352,-0.382
100.0,-17.242,-21.183,-0.349,-0.38
100.0,-17.007,-21.234,-0.345,-0.378
100.0,-16.765,-21.284,-0.342,-0.376
100.0,-16.516,-21.332,-0.339,-0.374
100.0,-16.26,-21.379,-0.336,-0.372
100.0,-15.996,-21.424,-0.332,-0.37
100.0,-15.725,-21.468,-0.329,-0.368
100.0,-15.446,-21.509,-0.325,-0.365
100.0,-15.16,-21.549,-0.322,-0.363
100.0,-14.865,-21.586,-0.318,-0.36
100.0,-14.562,-21.621,-0.314,-0.357
100.0,-14.251,-21.654,-0.31,-0.354
100.0,-13.931,-21.684,-0.306,-0.351
100.0,-13.603,-21.711,-0.302,-0.348
100.0,-13.266,-21.735,-0.298,-0.345
100.0,-12.92,-21.757,-0.294,-0.341
100.0,-12.565,-21.775,-0.29,-0.338
100.0,-12.2,-21.789,-0.286,-0.334
100.0,-11.826,-21.801,-0.281,-0.33
100.0,-11.443,-21.808,-0.277,-0.326
100.0,-11.05,-21.811,-0.272,-0.322
100.0,-10.647,-21.811,-0.268,-0.317
100.0,-10.234,-21.806,-0.263,-0.313
100.0,-9.811,-21.797,-0.258,-0.308
100.0,-9.379,-21.783,-0.254,-0.303
100.0,-8.936,-21.764,-0.249,-0.298
100.0,-8.483,-21.741,-0.244,-0.292
100.0,-8.021,-21.713,-0.238,-0.287
100.0,-7.548,-21.679,-0.233,-0.281
100.0,-7.065,-21.641,-0.228,-0.275
100.0,-6.572,-21.597,-0.223,-0.269
100.0,-6.069,-21.549,-0.217,-0.263
100.0,-5.556,-21.495,-0.212,-0.257
100.0,-5.034,-21.436,-0.206,-0.25
100.0,-4.502,-21.372,-0.201,-0.243
100.0,-3.96,-21.304,-0.195,-0.236
100.0,-3.409,-21.23,-0.19,-0.229
100.0,-2.849,-21.152,-0.184,-0.222
100.0,-2.279,-21.07,-0.178,-0.214
100.0,-1.701,-20.983,-0.173,-0.207
100.0,-1.114,-20.893,-0.167,-0.199
100.0,14.685,-6.67,0.279,-0.082
100.0,13.857,-7.003,0.255,-0.103
100.0,13.139,-7.314,0.233,-0.116
100.0,12.606,-7.605,0.212,-0.121
100.0,12.281,-7.875,0.194,-0.121
100.0,12.159,-8.129,0.178,-0.116
100.0,12.219,-8.367,0.165,-0.108
100.0,12.437,-8.593,0.154,-0.097
100.0,12.788,-8.807,0.145,-0.083
100.0,13.254,-9.012,0.138,-0.068
100.0,13.821,-9.21,0.132,-0.052
100.0,14.478,-9.402,0.127,-0.035
100.0,15.22,-9.59,0.124,-0.017
100.0,16.042,-9.775,0.122,0.002
100.0,16.944,-9.959,0.12,0.021
100.0,17.927,-10.142,0.12,0.04
100.0,18.994,-10.328,0.12,0.06
100.0,20.15,-10.515,0.122,0.08
100.0,21.4,-10.707,0.124,0.1
100.0,22.752,-10.904,0.128,0.12
100.0,24.215,-11.108,0.132,0.14
100.0,25.798,-11.321,0.138,0.16
100.0,27.513,-11.546,0.145,0.18
100.0,29.374,-11.786,0.154,0.2
100.0,31.398,-12.045,0.165,0.22
100.0,33.605,-12.327,0.178,0.239
100.0,36.016,-12.641,0.194,0.258
100.0,38.66,-12.993,0.214,0.277
100.0,41.571,-13.397,0.238,0.296
100.0,44.789,-13.868,0.269,0.315
100.0,48.364,-14.427,0.306,0.334
100.0,52.357,-15.103,0.354,0.354
100.0,56.838,-15.937,0.414,0.377
100.0,61.886,-16.984,0.49,0.404
100.0,67.581,-18.323,0.588,0.438
100.0,73.988,-20.067,0.71,0.484
100.0,81.142,-22.377,0.86,0.543
100.0,89.034,-25.47,1.03,0.604
100.0,97.558,-29.508,1.201,0.641
100.0,100.0,-34.283,1.347,0.623
100.0,100.0,-38.861,1.449,0.551
100.0,100.0,-42.431,1.505,0.442
100.0,100.0,-44.767,1.529,0.314
100.0,100.0,-46.041,1.539,0.184
100.0,100.0,-46.526,1.547,0.064
100.0,100.0,-46.442,1.561,-0.036
100.0,100.0,-45.952,1.571,-0.116
100.0,100.0,-45.18,1.571,-0.179
100.0,100.0,-44.225,1.571,-0.231
100.0,100.0,-43.142,1.571,-0.274
100.0,100.0,-41.968,1.571,-0.312
100.0,100.0,-40.723,1.571,-0.347
100.0,100.0,-39.419,1.571,-0.381
100.0,100.0,-38.067,1.571,-0.417
100.0,100.0,-36.678,1.571,-0.455
100.0,100.0,-35.264,1.571,-0.5
100.0,100.0,-33.845,1.571,-0.553
100.0,100.0,-32.438,1.571,-0.619
100.0,100.0,-31.063,1.571,-0.698
100.0,100.0,-29.728,1.571,-0.785
100.0,100.0,-28.424,1.571,-0.871
100.0,100.0,-27.147,1.571,-0.939
100.0,100.0,-25.925,1.556,-0.983
100.0,100.0,-24.822,1.518,-1.003
100.0,100.0,-23.894,1.481,-1.008
100.0,100.0,-23.157,1.443,-1.005
100.0,100.0,-22.596,1.404,-0.999
100.0,100.0,-22.184,1.364,-0.992
100.0,100.0,-21.887,1.324,-0.985
100.0,100.0,-21.67,1.282,-0.98
100.0,100.0,-21.505,1.24,-0.975
100.0,100.0,-21.366,1.198,-0.971
100.0,100.0,-21.232,1.155,-0.968
100.0,100.0,-21.084,1.112,-0.966
100.0,100.0,-20.908,1.068,-0.963
100.0,100.0,-20.69,1.022,-0.96
100.0,100.0,-20.419,0.976,-0.957
100.0,100.0,-20.089,0.928,-0.952
100.0,100.0,-19.695,0.879,-0.946
100.0,100.0,-19.239,0.829,-0.938
100.0,100.0,-18.731,0.78,-0.926
100.0,100.0,-18.191,0.731,-0.909
100.0,100.0,-17.652,0.687,-0.888
100.0,100.0,-17.155,0.647,-0.862
100.0,100.0,-16.743,0.616,-0.832
100.0,100.0,-16.448,0.594,-0.8
100.0,100.0,-16.28,0.582,-0.769
100.0,100.0,-16.227,0.577,-0.743
100.0,100.0,-16.269,0.578,-0.723
100.0,100.0,-16.386,0.584,-0.711
100.0,100.0,-16.563,0.593,-0.706
100.0,100.0,-16.791,0.605,-0.707
100.0,100.0,-17.062,0.62,-0.713
100.0,100.0,-17.369,0.638,-0.723
100.0,100.0,-17.706,0.657,-0.736
100.0,100.0,-18.068,0.679,-0.752
100.0,100.0,-18.449,0.702,-0.77
100.0,100.0,-18.843,0.727,-0.79
100.0,100.0,-19.246,0.754,-0.812
100.0,100.0,-19.651,0.782,-0.835
100.0,100.0,-20.055,0.811,-0.859
100.0,100.0,-20.452,0.841,-0.884
100.0,100.0,-20.84,0.871,-0.91
100.0,100.0,-21.213,0.903,-0.937
100.0,100.0,-21.57,0.935,-0.964
100.0,100.0,-21.906,0.967,-0.991
100.0,100.0,-22.22,1.0,-1.018
100.0,100.0,-22.509,1.033,-1.046
100.0,100.0,-22.771,1.066,-1.073
100.0,100.0,-23.006,1.1,-1.101
100.0,100.0,-23.212,1.134,-1.128
100.0,100.0,-23.389,1.167,-1.154
100.0,100.0,-23.537,1.201,-1.181
100.0,100.0,-23.657,1.234,-1.206
100.0,100.0,-23.75,1.267,-1.231
100.0,100.0,-23.817,1.3,-1.256
100.0,100.0,-23.86,1.332,-1.279
100.0,100.0,-23.882,1.364,-1.301
100.0,100.0,-23.887,1.395,-1.322
100.0,100.0,-23.878,1.426,-1.343
100.0,100.0,-23.859,1.455,-1.361
100.0,100.0,-23.834,1.484,-1.379
100.0,100.0,-23.809,1.512,-1.396
100.0,100.0,-23.787,1.538,-1.411
100.0,100.0,-23.774,1.563,-1.425
100.0,100.0,-23.774,1.571,-1.437
100.0,100.0,-23.795,1.571,-1.449
100.0,100.0,-23.841,1.571,-1.461
100.0,100.0,-23.909,1.571,-1.472
100.0,100.0,-23.995,1.571,-1.484
100.0,100.0,-24.098,1.571,-1.495
100.0,100.0,-24.212,1.571,-1.506
100.0,100.0,-24.334,1.571,-1.516
100.0,100.0,17.972,-0.2,-0.876
100.0,100.0,12.636,0.189,-0.842
100.0,100.0,10.144,0.391,-0.866
100.0,100.0,8.899,0.498,-0.881
100.0,100.0,8.255,0.554,-0.888
100.0,100.0,7.925,0.583,-0.89
100.0,100.0,7.778,0.595,-0.89
100.0,100.0,7.748,0.598,-0.888
100.0,100.0,7.798,0.594,-0.885
100.0,100.0,7.908,0.586,-0.88
100.0,100.0,8.065,0.576,-0.874
100.0,100.0,8.259,0.563,-0.867
100.0,100.0,8.484,0.549,-0.858
100.0,100.0,8.733,0.535,-0.849
100.0,100.0,8.999,0.519,-0.838
100.0,100.0,9.278,0.504,-0.827
100.0,100.0,9.563,0.488,-0.814
100.0,100.0,9.849,0.472,-0.801
100.0,100.0,10.13,0.456,-0.787
100.0,100.0,10.401,0.44,-0.772
100.0,100.0,10.657,0.425,-0.757
100.0,100.0,10.894,0.41,-0.743
100.0,100.0,11.109,0.396,-0.728
100.0,100.0,11.3,0.382,-0.714
100.0,100.0,11.466,0.369,-0.701
100.0,100.0,11.608,0.356,-0.688
100.0,100.0,11.727,0.345,-0.677
100.0,100.0,11.826,0.335,-0.668
100.0,100.0,11.908,0.326,-0.66
100.0,100.0,11.977,0.317,-0.653
100.0,100.0,12.038,0.31,-0.648
100.0,100.0,12.093,0.304,-0.645
100.0,100.0,12.147,0.3,-0.643
100.0,100.0,12.202,0.296,-0.643
100.0,100.0,12.262,0.293,-0.644
100.0,100.0,12.329,0.291,-0.647
100.0,100.0,12.404,0.291,-0.651
100.0,100.0,12.49,0.291,-0.656
100.0,100.0,12.589,0.291,-0.662
100.0,100.0,12.699,0.292,-0.67
100.0,100.0,12.824,0.294,-0.678
100.0,100.0,12.963,0.295,-0.686
100.0,100.0,13.116,0.297,-0.695
100.0,100.0,13.284,0.298,-0.704
100.0,100.0,13.468,0.299,-0.713
100.0,98.665,13.666,0.3,-0.721
100.0,96.144,13.915,0.297,-0.729
100.0,93.493,14.234,0.288,-0.737
100.0,90.764,14.606,0.274,-0.743
100.0,88.002,15.017,0.258,-0.748
100.0,85.241,15.456,0.239,-0.751
100.0,82.512,15.916,0.218,-0.754
100.0,79.844,16.391,0.196,-0.755
100.0,77.263,16.875,0.174,-0.756
100.0,74.792,17.365,0.151,-0.756
100.0,72.453,17.856,0.128,-0.756
100.0,70.269,18.347,0.106,-0.755
100.0,68.255,18.835,0.084,-0.754
100.0,66.425,19.318,0.064,-0.755
100.0,64.785,19.794,0.045,-0.755
100.0,63.33,20.263,0.028,-0.757
100.0,62.044,20.724,0.012,-0.76
100.0,60.899,21.179,-0.003,-0.765
100.0,59.854,21.629,-0.016,-0.77
100.0,58.859,22.076,-0.028,-0.775
100.0,57.863,22.521,-0.04,-0.782
100.0,56.82,22.966,-0.051,-0.788
100.0,55.695,23.409,-0.062,-0.794
100.0,54.468,23.847,-0.073,-0.799
100.0,53.133,24.275,-0.085,-0.804
100.0,51.697,24.688,-0.097,-0.808
100.0,50.175,25.079,-0.11,-0.811
100.0,48.589,25.441,-0.124,-0.814
100.0,46.959,25.768,-0.138,-0.816
100.0,45.309,26.055,-0.152,-0.818
100.0,43.658,26.297,-0.166,-0.819
100.0,42.026,26.491,-0.181,-0.82
100.0,40.428,26.633,-0.196,-0.821
100.0,38.878,26.722,-0.211,-0.822
100.0,37.39,26.757,-0.225,-0.823
100.0,35.974,26.738,-0.24,-0.824
100.0,34.638,26.666,-0.254,-0.825
100.0,33.391,26.542,-0.268,-0.826
100.0,32.238,26.369,-0.282,-0.827
100.0,31.184,26.15,-0.295,-0.828
100.0,30.233,25.888,-0.308,-0.829
100.0,29.386,25.588,-0.32,-0.83
100.0,28.645,25.257,-0.332,-0.832
97.744,28.011,24.901,-0.343,-0.833
94.508,27.486,24.531,-0.355,-0.834
91.315,27.072,24.159,-0.366,-0.836
88.172,26.767,23.795,-0.378,-0.837
85.087,26.568,23.449,-0.39,-0.837
82.068,26.471,23.13,-0.402,-0.838
79.124,26.47,22.85,-0.414,-0.838
76.264,26.561,22.614,-0.426,-0.838
73.498,26.735,22.431,-0.438,-0.838
70.833,26.986,22.304,-0.45,-0.836
68.275,27.304,22.237,-0.463,-0.835
65.83,27.681,22.23,-0.475,-0.832
63.501,28.104,22.283,-0.488,-0.829
61.292,28.565,22.394,-0.501,-0.825
59.317,29.0,22.438,-0.511,-0.821
57.644,29.358,22.305,-0.517,-0.816
56.052,29.714,22.204,-0.523,-0.81
54.542,30.064,22.132,-0.53,-0.803
53.112,30.4,22.082,-0.537,-0.795
51.762,30.718,22.052,-0.543,-0.786
50.489,31.011,22.037,-0.55,-0.776
49.293,31.275,22.033,-0.556,-0.765
48.171,31.507,22.039,-0.562,-0.754
47.121,31.702,22.051,-0.567,-0.742
46.14,31.857,22.068,-0.573,-0.729
45.226,31.97,22.088,-0.577,-0.716
44.376,32.038,22.111,-0.581,-0.702
43.588,32.06,22.136,-0.585,-0.688
42.858,32.033,22.161,-0.588,-0.673
42.183,31.955,22.188,-0.591,-0.658
31.871,37.455,24.086,-0.774,-0.459
31.644,37.174,24.158,-0.78,-0.438
31.435,36.799,24.257,-0.785,-0.418
31.242,36.327,24.38,-0.79,-0.398
31.064,35.754,24.526,-0.795,-0.378
30.9,35.074,24.694,-0.799,-0.359
30.747,34.286,24.878,-0.804,-0.341
30.605,33.387,25.077,-0.808,-0.323
30.473,32.376,25.286,-0.812,-0.305
30.348,31.254,25.5,-0.816,-0.288
30.231,30.022,25.715,-0.82,-0.271
30.119,28.683,25.923,-0.824,-0.255
30.012,27.242,26.121,-0.827,-0.238
29.909,25.703,26.301,-0.83,-0.221
29.809,24.073,26.458,-0.833,-0.204
29.711,22.36,26.587,-0.835,-0.186
29.615,20.571,26.681,-0.836,-0.168
29.519,18.716,26.734,-0.837,-0.149
29.425,16.803,26.743,-0.837,-0.13
29.331,14.841,26.702,-0.837,-0.109
29.237,12.838,26.606,-0.835,-0.087
29.141,10.802,26.452,-0.832,-0.064
29.044,8.741,26.237,-0.828,-0.039
28.943,6.66,25.959,-0.822,-0.012
28.836,4.565,25.616,-0.815,0.016
28.719,2.461,25.208,-0.807,0.046
28.587,0.352,24.735,-0.796,0.077
28.434,-1.76,24.2,-0.785,0.11
28.251,-3.87,23.607,-0.771,0.145
28.03,-5.976,22.96,-0.756,0.18
27.76,-8.073,22.266,-0.739,0.217
27.43,-10.159,21.532,-0.72,0.253
27.028,-12.229,20.766,-0.701,0.29
26.543,-14.278,19.977,-0.681,0.326
25.964,-16.304,19.174,-0.659,0.361
25.281,-18.302,18.365,-0.638,0.394
24.487,-20.269,17.558,-0.616,0.426
23.575,-22.205,16.758,-0.595,0.455
22.541,-24.106,15.97,-0.573,0.482
21.38,-25.975,15.199,-0.552,0.506
20.093,-27.809,14.446,-0.532,0.527
18.677,-29.611,13.713,-0.513,0.545
17.134,-31.382,12.999,-0.494,0.56
15.465,-33.121,12.305,-0.477,0.572
13.673,-34.829,11.629,-0.46,0.581
11.76,-36.508,10.97,-0.444,0.587
9.731,-38.156,10.326,-0.429,0.59
7.592,-39.773,9.697,-0.414,0.59
5.348,-41.357,9.081,-0.4,0.588
3.009,-42.907,8.478,-0.387,0.583
0.585,-44.419,7.891,-0.374,0.575
-1.91,-45.891,7.32,-0.361,0.566
-4.461,-47.319,6.771,-0.349,0.555
-7.05,-48.699,6.247,-0.336,0.542
-9.655,-50.03,5.756,-0.324,0.528
-12.253,-51.307,5.304,-0.312,0.512
-14.818,-52.528,4.899,-0.299,0.496
-17.325,-53.693,4.548,-0.287,0.48
-19.745,-54.8,4.258,-0.275,0.463
-22.052,-55.85,4.035,-0.263,0.446
-24.222,-56.842,3.879,-0.251,0.429
-26.231,-57.776,3.791,-0.239,0.413
-28.059,-58.653,3.766,-0.228,0.396
-29.688,-59.471,3.799,-0.217,0.38
-31.103,-60.227,3.879,-0.207,0.364
-32.296,-60.918,3.997,-0.198,0.348
-33.258,-61.538,4.139,-0.19,0.332
-33.988,-62.083,4.295,-0.182,0.316
-34.487,-62.545,4.456,-0.176,0.301
-34.762,-62.921,4.613,-0.171,0.285
-34.82,-63.204,4.761,-0.168,0.269
-34.674,-63.393,4.897,-0.166,0.254
-34.34,-63.487,5.02,-0.165,0.238
-33.836,-63.487,5.131,-0.166,0.222
-33.182,-63.397,5.235,-0.168,0.205
-32.4,-63.223,5.335,-0.173,0.188
-31.513,-62.975,5.437,-0.179,0.17
-30.547,-62.66,5.547,-0.188,0.151
-29.526,-62.289,5.67,-0.199,0.131
-28.476,-61.872,5.814,-0.212,0.109
-27.422,-61.415,5.983,-0.229,0.086
-26.386,-60.925,6.182,-0.25,0.062
-25.389,-60.405,6.411,-0.274,0.038
-24.449,-59.858,6.666,-0.302,0.016
-23.575,-59.288,6.934,-0.333,-0.002
-22.769,-58.701,7.196,-0.367,-0.013
-22.015,-58.104,7.422,-0.401,-0.015
-21.284,-57.497,7.585,-0.435,-0.005
-20.526,-56.876,7.664,-0.466,0.014
-19.69,-56.232,7.649,-0.493,0.04
-18.731,-55.554,7.542,-0.516,0.068
-17.626,-54.838,7.356,-0.534,0.096
-16.372,-54.087,7.11,-0.549,0.121
-14.983,-53.309,6.824,-0.56,0.141
-13.483,-52.514,6.517,-0.568,0.156
-11.9,-51.71,6.205,-0.574,0.168
-10.26,-50.906,5.9,-0.579,0.176
-8.584,-50.108,5.61,-0.583,0.181
-6.89,-49.322,5.341,-0.587,0.183
-5.194,-48.55,5.096,-0.589,0.184
-3.507,-47.796,4.878,-0.592,0.183
-1.836,-47.06,4.686,-0.593,0.181
-0.189,-46.343,4.521,-0.595,0.178
1.43,-45.647,4.38,-0.596,0.174
3.017,-44.97,4.263,-0.597,0.169
4.568,-44.313,4.168,-0.598,0.163
6.083,-43.675,4.093,-0.598,0.157
7.56,-43.055,4.037,-0.598,0.15
8.996,-42.453,3.997,-0.597,0.143
10.393,-41.867,3.972,-0.596,0.135
11.748,-41.297,3.96,-0.594,0.128
13.061,-40.742,3.96,-0.592,0.12
14.332,-40.202,3.971,-0.59,0.111
15.56,-39.675,3.991,-0.587,0.103
16.744,-39.162,4.02,-0.584,0.095
17.884,-38.661,4.056,-0.581,0.087
18.98,-38.172,4.098,-0.577,0.078
20.032,-37.696,4.146,-0.573,0.07
21.038,-37.232,4.2,-0.569,0.062
22.0,-36.78,4.258,-0.564,0.054
22.916,-36.339,4.319,-0.559,0.047
23.787,-35.91,4.385,-0.554,0.039
24.614,-35.492,4.453,-0.549,0.032
25.396,-35.086,4.524,-0.544,0.024
26.134,-34.691,4.598,-0.538,0.017
26.828,-34.308,4.673,-0.533,0.01
27.48,-33.936,4.749,-0.527,0.003
28.09,-33.575,4.827,-0.522,-0.003
28.659,-33.226,4.906,-0.517,-0.01
29.188,-32.888,4.985,-0.512,-0.016
29.678,-32.561,5.064,-0.507,-0.022
30.131,-32.244,5.142,-0.502,-0.028
30.548,-31.939,5.221,-0.497,-0.034
30.93,-31.644,5.298,-0.492,-0.04
31.278,-31.359,5.374,-0.488,-0.046
31.595,-31.085,5.448,-0.483,-0.052
31.881,-30.821,5.521,-0.479,-0.057
32.137,-30.567,5.592,-0.475,-0.062
32.366,-30.323,5.661,-0.472,-0.068
32.568,-30.088,5.727,-0.468,-0.073
32.746,-29.863,5.791,-0.465,-0.078
32.899,-29.646,5.852,-0.462,-0.083
33.03,-29.439,5.91,-0.459,-0.088
33.14,-29.24,5.965,-0.456,-0.093
33.23,-29.05,6.017,-0.454,-0.098
33.301,-28.868,6.066,-0.451,-0.103
33.354,-28.693,6.112,-0.449,-0.108
33.391,-28.527,6.155,-0.447,-0.112
33.412,-28.368,6.194,-0.445,-0.117
33.418,-28.216,6.231,-0.443,-0.122
33.412,-28.072,6.264,-0.442,-0.126
33.392,-27.934,6.294,-0.441,-0.13
33.361,-27.803,6.321,-0.439,-0.134
33.319,-27.678,6.344,-0.438,-0.139
33.268,-27.559,6.365,-0.437,-0.143
33.207,-27.445,6.383,-0.437,-0.147
33.137,-27.338,6.398,-0.436,-0.151
33.061,-27.235,6.41,-0.435,-0.154
32.977,-27.138,6.42,-0.435,-0.158
32.887,-27.046,6.427,-0.435,-0.162
32.791,-26.958,6.431,-0.434,-0.165
32.69,-26.874,6.433,-0.434,-0.168
32.585,-26.795,6.433,-0.434,-0.172
32.476,-26.72,6.43,-0.434,-0.175
32.363,-26.648,6.425,-0.434,-0.178
32.248,-26.58,6.419,-0.434,-0.181
32.13,-26.515,6.41,-0.435,-0.184
32.01,-26.453,6.4,-0.435,-0.187
31.889,-26.395,6.387,-0.435,-0.189
31.766,-26.339,6.374,-0.436,-0.192
31.642,-26.285,6.359,-0.436,-0.194
31.518,-26.235,6.342,-0.437,-0.196
31.394,-26.186,6.324,-0.437,-0.199
31.269,-26.14,6.305,-0.438,-0.201
31.145,-26.095,6.285,-0.438,-0.203
31.022,-26.053,6.264,-0.439,-0.205
30.899,-26.012,6.242,-0.439,-0.207
30.778,-25.973,6.219,-0.44,-0.208
30.657,-25.935,6.196,-0.441,-0.21
30.538,-25.899,6.172,-0.441,-0.212
30.42,-25.864,6.147,-0.442,-0.213
30.305,-25.83,6.122,-0.443,-0.214
30.19,-25.798,6.096,-0.443,-0.216
30.078,-25.766,6.07,-0.444,-0.217
29.968,-25.736,6.044,-0.445,-0.218
29.86,-25.706,6.018,-0.445,-0.219
29.753,-25.677,5.991,-0.446,-0.221
29.65,-25.649,5.964,-0.447,-0.222
29.548,-25.622,5.938,-0.447,-0.222
29.449,-25.595,5.911,-0.448,-0.223
29.351,-25.569,5.885,-0.448,-0.224
29.257,-25.543,5.858,-0.449,-0.225
29.164,-25.518,5.832,-0.45,-0.226
29.074,-25.494,5.806,-0.45,-0.227
28.987,-25.469,5.78,-0.451,-0.227
28.901,-25.446,5.754,-0.451,-0.228
28.818,-25.422,5.729,-0.452,-0.229
28.737,-25.399,5.704,-0.453,-0.229
28.659,-25.377,5.679,-0.453,-0.23
28.582,-25.354,5.655,-0.454,-0.23
28.508,-25.332,5.631,-0.454,-0.231
28.437,-25.31,5.607,-0.454,-0.231
28.367,-25.289,5.584,-0.455,-0.232
28.299,-25.267,5.561,-0.455,-0.232
28.234,-25.246,5.539,-0.456,-0.233
28.17,-25.225,5.517,-0.456,-0.233
28.108,-25.204,5.495,-0.457,-0.233
28.048,-25.184,5.474,-0.457,-0.234
27.99,-25.163,5.454,-0.457,-0.234
27.934,-25.143,5.434,-0.458,-0.235
27.88,-25.123,5.414,-0.458,-0.235
27.827,-25.103,5.395,-0.458,-0.235
27.776,-25.084,5.376,-0.459,-0.236
27.727,-25.064,5.358,-0.459,-0.236
27.679,-25.045,5.34,-0.459,-0.236
27.632,-25.026,5.323,-0.46,-0.237
27.587,-25.007,5.306,-0.46,-0.237
27.544,-24.988,5.289,-0.46,-0.237
27.501,-24.969,5.273,-0.46,-0.238
27.46,-24.951,5.258,-0.46,-0.238
27.42,-24.932,5.242,-0.461,-0.238
27.382,-24.914,5.227,-0.461,-0.239
27.344,-24.896,5.213,-0.461,-0.239
27.308,-24.878,5.199,-0.461,-0.239
27.272,-24.86,5.185,-0.461,-0.239
27.238,-24.842,5.172,-0.462,-0.24
27.205,-24.825,5.159,-0.462,-0.24
27.172,-24.808,5.146,-0.462,-0.24
27.141,-24.791,5.134,-0.462,-0.241
27.11,-24.774,5.122,-0.462,-0.241
27.08,-24.757,5.11,-0.462,-0.241
27.051,-24.74,5.099,-0.462,-0.242
27.022,-24.724,5.088,-0.462,-0.242
26.995,-24.707,5.077,-0.463,-0.242
26.968,-24.691,5.067,-0.463,-0.243
26.941,-24.675,5.056,-0.463,-0.243
26.915,-24.659,5.047,-0.463,-0.243
26.89,-24.643,5.037,-0.463,-0.244
26.866,-24.628,5.027,-0.463,-0.244
26.842,-24.612,5.018,-0.463,-0.244
26.818,-24.597,5.009,-0.463,-0.244
26.795,-24.582,5.001,-0.463,-0.245
26.772,-24.567,4.992,-0.463,-0.245
26.75,-24.553,4.984,-0.463,-0.245
26.729,-24.538,4.976,-0.463,-0.246
26.707,-24.524,4.968,-0.463,-0.246
26.686,-24.51,4.96,-0.463,-0.246
26.666,-24.495,4.953,-0.463,-0.247
26.646,-24.482,4.945,-0.463,-0.247
26.626,-24.468,4.938,-0.463,-0.247
26.606,-24.454,4.931,-0.463,-0.248
26.587,-24.441,4.924,-0.463,-0.248
26.569,-24.427,4.918,-0.463,-0.248
26.55,-24.414,4.911,-0.463,-0.248
26.532,-24.401,4.905,-0.463,-0.249
26.514,-24.389,4.898,-0.463,-0.249
26.496,-24.376,4.892,-0.463,-0.249
26.479,-24.363,4.886,-0.463,-0.25
26.461,-24.351,4.88,-0.463,-0.25
26.445,-24.339,4.875,-0.463,-0.25
26.428,-24.327,4.869,-0.463,-0.25
26.411,-24.315,4.863,-0.463,-0.251
26.395,-24.303,4.858,-0.463,-0.251
26.379,-24.291,4.853,-0.463,-0.251
26.363,-24.28,4.848,-0.463,-0.251
26.347,-24.269,4.842,-0.463,-0.252
26.332,-24.257,4.837,-0.463,-0.252
26.317,-24.246,4.832,-0.463,-0.252
26.302,-24.235,4.828,-0.463,-0.253
26.287,-24.224,4.823,-0.463,-0.253
26.272,-24.214,4.818,-0.463,-0.253
-70.0,-70.0,-50.0,-1.571,-1.276
-70.0,-70.0,-50.0,-1.571,-0.85
-20.352,-59.713,13.814,-1.49,1.571
-8.873,-42.809,14.51,-1.265,1.571
2.502,-31.16,13.387,-1.05,1.15
12.242,-25.557,11.882,-0.901,0.778
19.275,-22.956,10.405,-0.793,0.472
23.879,-21.936,9.122,-0.709,0.243
26.773,-21.734,8.082,-0.642,0.083
28.573,-21.894,7.282,-0.591,-0.025
29.686,-22.174,6.691,-0.551,-0.097
30.365,-22.456,6.27,-0.523,-0.146
30.761,-22.699,5.982,-0.501,-0.179
30.973,-22.892,5.79,-0.486,-0.202
31.06,-23.04,5.668,-0.475,-0.218
31.062,-23.152,5.595,-0.466,-0.23
31.006,-23.238,5.553,-0.46,-0.238
30.909,-23.304,5.532,-0.456,-0.245
30.785,-23.357,5.525,-0.453,-0.25
30.641,-23.401,5.525,-0.45,-0.253
30.484,-23.439,5.529,-0.449,-0.256
30.319,-23.474,5.535,-0.447,-0.259
30.148,-23.506,5.541,-0.447,-0.261
29.973,-23.536,5.545,-0.446,-0.262
29.797,-23.566,5.548,-0.446,-0.264
29.622,-23.594,5.548,-0.445,-0.265
29.447,-23.623,5.546,-0.445,-0.265
29.274,-23.651,5.543,-0.445,-0.266
29.104,-23.678,5.536,-0.446,-0.266
28.937,-23.706,5.528,-0.446,-0.267
28.773,-23.732,5.518,-0.446,-0.267
28.613,-23.759,5.507,-0.447,-0.267
28.457,-23.784,5.494,-0.447,-0.267
28.306,-23.81,5.479,-0.447,-0.267
28.159,-23.834,5.463,-0.448,-0.267
28.017,-23.858,5.446,-0.448,-0.266
27.88,-23.881,5.428,-0.449,-0.266
27.748,-23.903,5.41,-0.45,-0.266
27.621,-23.924,5.391,-0.45,-0.265
27.498,-23.944,5.371,-0.451,-0.265
27.381,-23.963,5.351,-0.451,-0.264
27.268,-23.981,5.331,-0.452,-0.264
27.161,-23.998,5.311,-0.452,-0.264
27.058,-24.014,5.29,-0.453,-0.263
26.96,-24.029,5.27,-0.454,-0.263
26.867,-24.043,5.25,-0.454,-0.262
26.778,-24.056,5.23,-0.455,-0.262
26.694,-24.068,5.21,-0.455,-0.261
26.614,-24.078,5.19,-0.456,-0.261
26.538,-24.088,5.171,-0.456,-0.26
26.466,-24.097,5.152,-0.457,-0.26
26.399,-24.105,5.133,-0.457,-0.259
26.335,-24.112,5.115,-0.458,-0.259
26.275,-24.118,5.097,-0.458,-0.258
26.219,-24.123,5.079,-0.459,-0.258
26.166,-24.127,5.063,-0.459,-0.258
26.116,-24.131,5.046,-0.459,-0.257
26.07,-24.133,5.03,-0.46,-0.257
26.026,-24.135,5.015,-0.46,-0.257
-70.0,-70.0,-50.0,-1.571,-1.253
-70.0,-70.0,-50.0,-1.571,-0.839
-21.085,-59.242,13.947,-1.472,1.571
-9.651,-42.345,14.505,-1.249,1.571
1.706,-30.904,13.373,-1.04,1.166
11.485,-25.331,11.907,-0.896,0.799
18.605,-22.725,10.482,-0.791,0.494
23.3,-21.72,9.243,-0.708,0.262
26.263,-21.552,8.235,-0.643,0.097
28.108,-21.759,7.452,-0.591,-0.015
29.25,-22.086,6.867,-0.553,-0.09
29.945,-22.411,6.446,-0.524,-0.141
30.353,-22.688,6.152,-0.502,-0.175
30.571,-22.907,5.954,-0.487,-0.199
30.662,-23.076,5.823,-0.476,-0.216
30.668,-23.203,5.74,-0.467,-0.228
30.614,-23.299,5.69,-0.462,-0.237
30.52,-23.372,5.661,-0.457,-0.244
30.398,-23.43,5.645,-0.454,-0.249
30.257,-23.478,5.638,-0.452,-0.253
30.103,-23.518,5.635,-0.45,-0.255
29.941,-23.553,5.634,-0.449,-0.258
29.774,-23.584,5.633,-0.448,-0.26
29.604,-23.614,5.632,-0.448,-0.261
29.433,-23.642,5.629,-0.447,-0.262
29.262,-23.669,5.624,-0.447,-0.263
29.093,-23.695,5.618,-0.447,-0.264
28.927,-23.721,5.61,-0.447,-0.264
28.763,-23.746,5.6,-0.447,-0.265
28.603,-23.771,5.588,-0.448,-0.265
28.446,-23.795,5.574,-0.448,-0.265
28.294,-23.818,5.56,-0.448,-0.265
28.145,-23.841,5.543,-0.449,-0.265
28.002,-23.863,5.526,-0.449,-0.265
27.863,-23.884,5.508,-0.45,-0.265
27.729,-23.904,5.489,-0.45,-0.264
27.6,-23.924,5.469,-0.451,-0.264
27.475,-23.943,5.449,-0.451,-0.264
27.356,-23.961,5.428,-0.452,-0.263
27.241,-23.978,5.407,-0.452,-0.263
27.132,-23.993,5.386,-0.453,-0.262
27.027,-24.008,5.365,-0.453,-0.262
26.927,-24.022,5.343,-0.454,-0.262
26.832,-24.035,5.322,-0.454,-0.261
26.741,-24.047,5.301,-0.455,-0.261
26.655,-24.058,5.28,-0.455,-0.26
26.573,-24.068,5.259,-0.456,-0.26
26.495,-24.078,5.239,-0.456,-0.259
26.422,-24.086,5.219,-0.457,-0.259
26.353,-24.093,5.199,-0.457,-0.259
26.287,-24.099,5.18,-0.458,-0.258
26.226,-24.105,5.161,-0.458,-0.258
26.168,-24.109,5.142,-0.459,-0.257
26.113,-24.113,5.124,-0.459,-0.257
26.062,-24.116,5.107,-0.459,-0.257
26.014,-24.118,5.09,-0.46,-0.256
-70.0,-70.0,-50.0,-1.571,-1.24
-70.0,-70.0,-50.0,-1.571,-0.833
-21.26,-58.838,14.012,-1.464,1.571
-9.864,-41.981,14.494,-1.242,1.571
1.474,-30.702,13.361,-1.036,1.174
11.267,-25.173,11.918,-0.894,0.81
18.431,-22.577,10.519,-0.791,0.505
23.172,-21.584,9.301,-0.709,0.271
26.171,-21.437,8.307,-0.643,0.104
28.04,-21.67,7.532,-0.592,-0.01
29.197,-22.021,6.95,-0.553,-0.087
29.901,-22.366,6.53,-0.524,-0.138
30.314,-22.66,6.235,-0.503,-0.174
30.535,-22.892,6.034,-0.487,-0.198
30.628,-23.068,5.901,-0.476,-0.215
30.633,-23.201,5.815,-0.468,-0.228
30.579,-23.301,5.762,-0.462,-0.237
30.484,-23.377,5.731,-0.457,-0.243
30.361,-23.436,5.713,-0.454,-0.249
30.219,-23.484,5.703,-0.452,-0.253
30.064,-23.524,5.698,-0.45,-0.256
29.901,-23.559,5.695,-0.449,-0.258
29.732,-23.59,5.692,-0.448,-0.26
29.561,-23.618,5.689,-0.448,-0.261
29.389,-23.645,5.684,-0.447,-0.262
29.217,-23.671,5.677,-0.447,-0.263
29.047,-23.697,5.669,-0.447,-0.264
28.88,-23.721,5.659,-0.447,-0.265
28.715,-23.745,5.647,-0.448,-0.265
28.554,-23.768,5.634,-0.448,-0.265
28.397,-23.791,5.619,-0.448,-0.265
28.244,-23.814,5.602,-0.449,-0.265
28.096,-23.835,5.585,-0.449,-0.265
27.952,-23.856,5.566,-0.449,-0.265
27.812,-23.876,5.547,-0.45,-0.265
27.678,-23.896,5.526,-0.45,-0.265
27.549,-23.914,5.505,-0.451,-0.264
27.424,-23.932,5.484,-0.451,-0.264
27.305,-23.949,5.462,-0.452,-0.263
27.19,-23.965,5.44,-0.452,-0.263
27.081,-23.98,5.418,-0.453,-0.263
26.976,-23.994,5.396,-0.453,-0.262
26.876,-24.007,5.373,-0.454,-0.262
26.781,-24.019,5.351,-0.455,-0.261
26.69,-24.03,5.329,-0.455,-0.261
26.604,-24.041,5.307,-0.456,-0.26
26.523,-24.05,5.286,-0.456,-0.26
26.445,-24.058,5.265,-0.456,-0.26
26.372,-24.066,5.244,-0.457,-0.259
26.303,-24.073,5.223,-0.457,-0.259
26.238,-24.078,5.204,-0.458,-0.258
26.176,-24.083,5.184,-0.458,-0.258
26.119,-24.087,5.165,-0.459,-0.258
26.064,-24.091,5.146,-0.459,-0.257
-70.0,-70.0,-50.0,-1.571,-1.233
-70.0,-70.0,-50.0,-1.571,-0.831
-21.293,-58.562,14.076,-1.46,1.571
-9.913,-41.726,14.511,-1.238,1.571
1.419,-30.55,13.374,-1.034,1.178
11.215,-25.054,11.94,-0.893,0.814
18.394,-22.471,10.552,-0.79,0.509
23.153,-21.489,9.344,-0.709,0.275
26.165,-21.357,8.356,-0.644,0.107
28.042,-21.605,7.584,-0.592,-0.008
29.202,-21.97,7.004,-0.553,-0.085
29.908,-22.328,6.583,-0.524,-0.138
30.321,-22.632,6.286,-0.503,-0.173
30.541,-22.871,6.084,-0.487,-0.198
30.632,-23.053,5.949,-0.476,-0.215
30.635,-23.189,5.862,-0.467,-0.228
30.579,-23.292,5.808,-0.461,-0.237
30.482,-23.369,5.775,-0.457,-0.244
30.357,-23.43,5.755,-0.454,-0.249
30.212,-23.478,5.744,-0.452,-0.253
30.055,-23.518,5.737,-0.45,-0.256
29.889,-23.553,5.732,-0.449,-0.258
29.719,-23.584,5.728,-0.448,-0.26
29.546,-23.613,5.723,-0.448,-0.262
29.372,-23.64,5.717,-0.447,-0.263
29.199,-23.665,5.709,-0.447,-0.264
29.027,-23.69,5.7,-0.447,-0.264
28.858,-23.715,5.688,-0.447,-0.265
28.692,-23.738,5.675,-0.447,-0.265
28.53,-23.761,5.661,-0.448,-0.265
28.372,-23.784,5.645,-0.448,-0.266
28.218,-23.806,5.627,-0.448,-0.266
28.068,-23.827,5.609,-0.449,-0.265
27.923,-23.847,5.589,-0.449,-0.265
27.783,-23.867,5.569,-0.45,-0.265
27.649,-23.886,5.547,-0.45,-0.265
27.519,-23.905,5.526,-0.451,-0.264
27.394,-23.922,5.503,-0.451,-0.264
27.274,-23.939,5.481,-0.452,-0.264
27.159,-23.954,5.458,-0.452,-0.263
27.049,-23.969,5.435,-0.453,-0.263
26.944,-23.983,5.412,-0.453,-0.262
26.844,-23.995,5.389,-0.454,-0.262
26.748,-24.007,5.367,-0.454,-0.262
26.658,-24.018,5.344,-0.455,-0.261
26.571,-24.028,5.322,-0.455,-0.261
26.49,-24.037,5.3,-0.456,-0.26
26.412,-24.046,5.278,-0.456,-0.26
26.339,-24.053,5.257,-0.457,-0.259
26.27,-24.059,5.236,-0.457,-0.259
26.205,-24.065,5.216,-0.458,-0.259
26.143,-24.069,5.196,-0.458,-0.258
-70.0,-70.0,-50.0,-1.571,-1.23
-70.0,-70.0,-50.0,-1.571,-0.832
-21.259,-58.357,14.142,-1.458,1.571
-9.883,-41.528,14.545,-1.235,1.571
1.447,-30.424,13.401,-1.033,1.179
11.242,-24.959,11.969,-0.893,0.816
18.423,-22.39,10.585,-0.79,0.511
23.184,-21.422,9.381,-0.709,0.276
26.197,-21.304,8.395,-0.643,0.108
28.073,-21.566,7.624,-0.592,-0.007
29.231,-21.943,7.044,-0.553,-0.085
29.935,-22.31,6.622,-0.524,-0.137
30.345,-22.621,6.325,-0.503,-0.173
30.562,-22.865,6.122,-0.487,-0.198
30.65,-23.05,5.986,-0.475,-0.215
30.651,-23.189,5.898,-0.467,-0.228
30.592,-23.294,5.842,-0.461,-0.237
30.492,-23.372,5.808,-0.457,-0.244
30.364,-23.433,5.787,-0.454,-0.249
30.218,-23.482,5.775,-0.451,-0.253
30.058,-23.523,5.767,-0.45,-0.256
29.891,-23.558,5.761,-0.449,-0.258
29.718,-23.589,5.755,-0.448,-0.26
29.543,-23.617,5.749,-0.447,-0.262
29.368,-23.644,5.742,-0.447,-0.263
29.193,-23.67,5.734,-0.447,-0.264
29.021,-23.695,5.723,-0.447,-0.264
28.85,-23.719,5.711,-0.447,-0.265
28.683,-23.742,5.697,-0.447,-0.265
28.52,-23.765,5.682,-0.448,-0.265
28.361,-23.787,5.665,-0.448,-0.266
28.206,-23.809,5.646,-0.448,-0.266
28.056,-23.83,5.627,-0.449,-0.265
27.91,-23.85,5.607,-0.449,-0.265
27.77,-23.87,5.586,-0.45,-0.265
27.634,-23.889,5.564,-0.45,-0.265
27.504,-23.907,5.541,-0.451,-0.264
27.378,-23.924,5.518,-0.451,-0.264
27.258,-23.94,5.495,-0.452,-0.264
27.143,-23.955,5.472,-0.452,-0.263
27.033,-23.97,5.449,-0.453,-0.263
26.927,-23.983,5.425,-0.453,-0.262
26.827,-23.996,5.402,-0.454,-0.262
26.731,-24.008,5.379,-0.455,-0.261
26.641,-24.018,5.356,-0.455,-0.261
26.554,-24.028,5.333,-0.456,-0.261
26.473,-24.037,5.311,-0.456,-0.26
26.395,-24.045,5.289,-0.456,-0.26
26.322,-24.052,5.267,-0.457,-0.259
26.253,-24.058,5.246,-0.457,-0.259
26.188,-24.063,5.225,-0.458,-0.258
26.126,-24.068,5.205,-0.458,-0.258
-70.0,-70.0,-50.0,-1.571,-1.227
-70.0,-70.0,-50.0,-1.571,-0.83
-21.306,-58.296,14.145,-1.457,1.571
-9.937,-41.478,14.537,-1.234,1.571
1.389,-30.399,13.394,-1.032,1.18
11.187,-24.938,11.967,-0.892,0.818
18.377,-22.369,10.587,-0.79,0.513
23.148,-21.401,9.387,-0.709,0.278
26.169,-21.285,8.405,-0.644,0.109
28.051,-21.55,7.636,-0.592,-0.006
29.213,-21.93,7.056,-0.553,-0.084
29.92,-22.301,6.635,-0.524,-0.137
30.331,-22.613,6.337,-0.503,-0.173
30.549,-22.86,6.134,-0.487,-0.198
30.638,-23.047,5.997,-0.476,-0.215
30.639,-23.187,5.909,-0.467,-0.228
30.581,-23.291,5.852,-0.461,-0.237
30.481,-23.37,5.818,-0.457,-0.244
30.354,-23.432,5.797,-0.454,-0.249
30.207,-23.481,5.784,-0.452,-0.253
30.047,-23.521,5.775,-0.45,-0.256
29.88,-23.556,5.769,-0.449,-0.259
29.707,-23.587,5.764,-0.448,-0.26
29.533,-23.615,5.757,-0.447,-0.262
29.357,-23.642,5.75,-0.447,-0.263
29.182,-23.667,5.741,-0.447,-0.264
29.01,-23.692,5.73,-0.447,-0.265
28.839,-23.716,5.717,-0.447,-0.265
28.672,-23.739,5.703,-0.447,-0.265
28.509,-23.761,5.688,-0.448,-0.266
28.35,-23.784,5.67,-0.448,-0.266
28.195,-23.805,5.652,-0.448,-0.266
28.045,-23.826,5.632,-0.449,-0.266
27.899,-23.846,5.612,-0.449,-0.265
27.759,-23.865,5.591,-0.45,-0.265
27.623,-23.884,5.569,-0.45,-0.265
27.493,-23.902,5.546,-0.451,-0.265
27.367,-23.919,5.523,-0.451,-0.264
27.247,-23.935,5.5,-0.452,-0.264
27.132,-23.95,5.476,-0.452,-0.263
27.022,-23.965,5.453,-0.453,-0.263
26.917,-23.978,5.429,-0.453,-0.262
26.816,-23.991,5.406,-0.454,-0.262
26.721,-24.002,5.382,-0.454,-0.262
26.63,-24.013,5.359,-0.455,-0.261
26.544,-24.022,5.336,-0.455,-0.261
26.462,-24.031,5.314,-0.456,-0.26
26.385,-24.039,5.292,-0.456,-0.26
26.312,-24.046,5.27,-0.457,-0.259
26.242,-24.052,5.249,-0.457,-0.259
26.177,-24.057,5.228,-0.458,-0.259
26.116,-24.062,5.208,-0.458,-0.258
-70.0,-70.0,-50.0,-1.571,-1.226
-70.0,-70.0,-50.0,-1.571,-0.829
-21.335,-58.261,14.143,-1.456,1.571
-9.971,-41.452,14.529,-1.233,1.571
1.354,-30.385,13.387,-1.032,1.181
11.155,-24.926,11.963,-0.892,0.819
18.35,-22.355,10.587,-0.79,0.514
23.128,-21.385,9.389,-0.709,0.279
26.154,-21.269,8.409,-0.644,0.11
28.04,-21.534,7.641,-0.593,-0.006
29.205,-21.916,7.061,-0.553,-0.084
29.913,-22.288,6.64,-0.524,-0.137
30.326,-22.602,6.343,-0.503,-0.173
30.544,-22.849,6.139,-0.487,-0.198
30.633,-23.037,6.002,-0.476,-0.215
30.635,-23.178,5.913,-0.467,-0.228
30.576,-23.283,5.857,-0.461,-0.237
30.476,-23.362,5.822,-0.457,-0.244
30.348,-23.424,5.801,-0.454,-0.249
30.202,-23.473,5.788,-0.451,-0.253
30.042,-23.514,5.779,-0.45,-0.256
29.874,-23.548,5.773,-0.449,-0.259
29.701,-23.579,5.767,-0.448,-0.261
29.526,-23.608,5.76,-0.447,-0.262
29.351,-23.635,5.753,-0.447,-0.263
29.176,-23.66,5.743,-0.447,-0.264
29.003,-23.685,5.733,-0.447,-0.265
28.832,-23.709,5.72,-0.447,-0.265
28.665,-23.732,5.706,-0.447,-0.266
28.501,-23.754,5.69,-0.448,-0.266
28.342,-23.777,5.672,-0.448,-0.266
28.187,-23.798,5.654,-0.448,-0.266
28.036,-23.819,5.634,-0.449,-0.266
27.891,-23.839,5.614,-0.449,-0.266
27.75,-23.858,5.592,-0.45,-0.265
27.615,-23.877,5.57,-0.45,-0.265
27.484,-23.895,5.547,-0.451,-0.265
27.359,-23.912,5.524,-0.451,-0.264
27.238,-23.928,5.501,-0.452,-0.264
27.123,-23.943,5.477,-0.452,-0.264
27.013,-23.958,5.454,-0.453,-0.263
26.908,-23.971,5.43,-0.453,-0.263
26.807,-23.984,5.406,-0.454,-0.262
26.712,-23.995,5.383,-0.454,-0.262
26.621,-24.006,5.36,-0.455,-0.261
26.535,-24.016,5.337,-0.455,-0.261
26.453,-24.024,5.314,-0.456,-0.26
26.376,-24.032,5.292,-0.456,-0.26
26.302,-24.039,5.271,-0.457,-0.259
26.233,-24.045,5.249,-0.457,-0.259
26.168,-24.051,5.228,-0.458,-0.259
-70.0,-70.0,-50.0,-1.571,-1.225
-70.0,-70.0,-50.0,-1.571,-0.83
-21.291,-58.184,14.176,-1.455,1.571
-9.925,-41.374,14.55,-1.233,1.571
1.402,-30.332,13.405,-1.031,1.181
11.199,-24.886,11.979,-0.892,0.819
18.391,-22.323,10.603,-0.79,0.514
23.165,-21.361,9.405,-0.709,0.279
26.187,-21.251,8.424,-0.644,0.11
28.069,-21.522,7.656,-0.592,-0.006
29.231,-21.908,7.076,-0.553,-0.084
29.936,-22.283,6.654,-0.524,-0.137
30.346,-22.599,6.357,-0.503,-0.173
30.563,-22.848,6.152,-0.487,-0.198
30.65,-23.037,6.016,-0.475,-0.216
30.649,-23.179,5.926,-0.467,-0.228
30.589,-23.284,5.869,-0.461,-0.237
30.488,-23.364,5.834,-0.457,-0.244
30.359,-23.426,5.812,-0.454,-0.249
30.211,-23.475,5.799,-0.451,-0.253
30.05,-23.516,5.79,-0.45,-0.256
29.881,-23.551,5.783,-0.449,-0.259
29.707,-23.582,5.777,-0.448,-0.261
29.531,-23.611,5.77,-0.447,-0.262
29.355,-23.638,5.762,-0.447,-0.263
29.179,-23.663,5.752,-0.447,-0.264
29.005,-23.688,5.741,-0.447,-0.265
28.834,-23.712,5.728,-0.447,-0.265
28.666,-23.735,5.713,-0.447,-0.266
28.502,-23.758,5.697,-0.448,-0.266
28.342,-23.78,5.68,-0.448,-0.266
28.186,-23.801,5.661,-0.448,-0.266
28.036,-23.822,5.641,-0.449,-0.266
27.89,-23.842,5.62,-0.449,-0.265
27.749,-23.862,5.598,-0.45,-0.265
27.613,-23.88,5.576,-0.45,-0.265
27.482,-23.898,5.553,-0.451,-0.265
27.356,-23.915,5.529,-0.451,-0.264
27.236,-23.931,5.506,-0.452,-0.264
27.12,-23.947,5.482,-0.452,-0.263
27.01,-23.961,5.458,-0.453,-0.263
26.904,-23.974,5.434,-0.453,-0.263
26.804,-23.987,5.411,-0.454,-0.262
26.708,-23.998,5.387,-0.454,-0.262
26.617,-24.009,5.364,-0.455,-0.261
26.531,-24.018,5.341,-0.455,-0.261
26.449,-24.027,5.318,-0.456,-0.26
26.372,-24.035,5.296,-0.456,-0.26
26.299,-24.042,5.274,-0.457,-0.259
26.23,-24.048,5.253,-0.457,-0.259
26.164,-24.053,5.232,-0.458,-0.259
-70.0,-70.0,-50.0,-1.571,-1.225
-70.0,-70.0,-50.0,-1.571,-0.83
-21.3,-58.171,14.178,-1.455,1.571
-9.936,-41.363,14.55,-1.233,1.571
1.389,-30.327,13.405,-1.031,1.181
11.187,-24.882,11.98,-0.892,0.82
18.381,-22.32,10.604,-0.79,0.515
23.156,-21.358,9.407,-0.709,0.279
26.18,-21.249,8.427,-0.644,0.11
28.063,-21.521,7.659,-0.592,-0.006
29.226,-21.909,7.08,-0.553,-0.084
29.931,-22.285,6.658,-0.524,-0.137
30.342,-22.602,6.36,-0.503,-0.173
30.558,-22.851,6.156,-0.487,-0.198
30.646,-23.04,6.019,-0.475,-0.215
30.646,-23.182,5.929,-0.467,-0.228
30.586,-23.288,5.872,-0.461,-0.237
30.485,-23.368,5.837,-0.457,-0.244
30.356,-23.429,5.815,-0.454,-0.249
30.207,-23.479,5.801,-0.451,-0.253
30.047,-23.519,5.792,-0.45,-0.256
29.878,-23.554,5.786,-0.449,-0.259
29.704,-23.585,5.779,-0.448,-0.261
29.528,-23.614,5.772,-0.447,-0.262
29.352,-23.64,5.764,-0.447,-0.263
29.176,-23.666,5.754,-0.447,-0.264
29.003,-23.69,5.743,-0.447,-0.265
28.832,-23.714,5.73,-0.447,-0.265
28.664,-23.737,5.715,-0.447,-0.265
28.5,-23.76,5.699,-0.448,-0.266
28.34,-23.782,5.682,-0.448,-0.266
28.185,-23.803,5.663,-0.448,-0.266
28.034,-23.824,5.643,-0.449,-0.266
27.888,-23.844,5.622,-0.449,-0.265
27.747,-23.863,5.6,-0.45,-0.265
27.611,-23.882,5.577,-0.45,-0.265
27.48,-23.9,5.554,-0.451,-0.265
27.355,-23.916,5.531,-0.451,-0.264
27.234,-23.932,5.507,-0.452,-0.264
27.119,-23.948,5.484,-0.452,-0.263
27.009,-23.962,5.46,-0.453,-0.263
26.903,-23.975,5.436,-0.453,-0.262
26.803,-23.987,5.412,-0.454,-0.262
26.707,-23.999,5.389,-0.454,-0.262
26.616,-24.009,5.365,-0.455,-0.261
26.53,-24.019,5.342,-0.455,-0.261
26.448,-24.028,5.32,-0.456,-0.26
26.371,-24.035,5.297,-0.456,-0.26
26.298,-24.042,5.275,-0.457,-0.259
26.229,-24.048,5.254,-0.457,-0.259
26.164,-24.053,5.233,-0.458,-0.259
-70.0,-70.0,-50.0,-1.571,-1.225
-70.0,-70.0,-50.0,-1.571,-0.83
-21.304,-58.163,14.179,-1.455,1.571
-9.94,-41.356,14.55,-1.232,1.571
1.384,-30.323,13.404,-1.031,1.182
11.183,-24.879,11.98,-0.892,0.82
18.377,-22.317,10.605,-0.79,0.515
23.154,-21.356,9.408,-0.709,0.279
26.178,-21.247,8.428,-0.644,0.11
28.062,-21.52,7.66,-0.592,-0.006
29.225,-21.908,7.081,-0.553,-0.084
29.93,-22.284,6.659,-0.524,-0.137
30.341,-22.601,6.362,-0.503,-0.173
30.558,-22.851,6.157,-0.487,-0.198
30.645,-23.04,6.02,-0.475,-0.215
30.645,-23.182,5.931,-0.467,-0.228
30.585,-23.288,5.874,-0.461,-0.237
30.484,-23.368,5.838,-0.457,-0.244
30.355,-23.43,5.816,-0.454,-0.249
30.207,-23.479,5.803,-0.451,-0.253
30.046,-23.52,5.794,-0.45,-0.256
29.878,-23.554,5.787,-0.449,-0.259
29.704,-23.585,5.78,-0.448,-0.261
29.528,-23.614,5.773,-0.447,-0.262
29.352,-23.64,5.765,-0.447,-0.263
29.176,-23.666,5.756,-0.447,-0.264
29.002,-23.69,5.744,-0.447,-0.265
28.831,-23.714,5.731,-0.447,-0.265
28.663,-23.737,5.716,-0.447,-0.265
28.499,-23.76,5.7,-0.448,-0.266
28.34,-23.782,5.682,-0.448,-0.266
28.184,-23.803,5.664,-0.448,-0.266
28.033,-23.824,5.644,-0.449,-0.266
27.888,-23.844,5.622,-0.449,-0.265
27.747,-23.863,5.601,-0.45,-0.265
27.611,-23.882,5.578,-0.45,-0.265
27.48,-23.899,5.555,-0.451,-0.265
27.354,-23.916,5.532,-0.451,-0.264
27.234,-23.932,5.508,-0.452,-0.264
27.118,-23.947,5.484,-0.452,-0.263
27.008,-23.961,5.461,-0.453,-0.263
26.903,-23.975,5.437,-0.453,-0.262
26.802,-23.987,5.413,-0.454,-0.262
26.707,-23.998,5.389,-0.454,-0.262
26.616,-24.009,5.366,-0.455,-0.261
26.53,-24.019,5.343,-0.455,-0.261
26.448,-24.027,5.32,-0.456,-0.26
26.37,-24.035,5.298,-0.456,-0.26
26.297,-24.042,5.276,-0.457,-0.259
26.228,-24.048,5.255,-0.457,-0.259
26.163,-24.053,5.234,-0.458,-0.259
-70.0,-70.0,-50.0,-1.571,-1.224
-70.0,-70.0,-50.0,-1.571,-0.83
-21.306,-58.158,14.179,-1.455,1.571
-9.943,-41.352,14.549,-1.232,1.571
1.381,-30.321,13.404,-1.031,1.182
11.18,-24.877,11.98,-0.892,0.82
18.375,-22.315,10.605,-0.79,0.515
23.152,-21.354,9.409,-0.709,0.279
26.177,-21.246,8.429,-0.644,0.11
28.061,-21.518,7.661,-0.592,-0.006
29.224,-21.906,7.082,-0.553,-0.084
29.93,-22.283,6.66,-0.524,-0.137
30.341,-22.6,6.362,-0.503,-0.173
30.558,-22.85,6.158,-0.487,-0.198
30.645,-23.039,6.021,-0.475,-0.215
30.645,-23.181,5.931,-0.467,-0.228
30.585,-23.287,5.874,-0.461,-0.237
30.484,-23.367,5.839,-0.457,-0.244
30.355,-23.429,5.817,-0.454,-0.249
30.207,-23.478,5.803,-0.451,-0.253
30.046,-23.519,5.794,-0.45,-0.256
29.877,-23.554,5.787,-0.449,-0.259
29.704,-23.585,5.781,-0.448,-0.261
29.528,-23.613,5.774,-0.447,-0.262
29.351,-23.64,5.766,-0.447,-0.263
29.176,-23.665,5.756,-0.447,-0.264
29.002,-23.69,5.745,-0.447,-0.265
28.831,-23.713,5.731,-0.447,-0.265
28.663,-23.736,5.717,-0.447,-0.266
28.499,-23.759,5.7,-0.448,-0.266
28.339,-23.781,5.683,-0.448,-0.266
28.183,-23.802,5.664,-0.448,-0.266
28.033,-23.823,5.644,-0.449,-0.266
27.887,-23.843,5.623,-0.449,-0.265
27.746,-23.862,5.601,-0.45,-0.265
27.61,-23.881,5.578,-0.45,-0.265
27.479,-23.899,5.555,-0.451,-0.265
27.354,-23.915,5.532,-0.451,-0.264
27.233,-23.931,5.508,-0.452,-0.264
27.118,-23.947,5.485,-0.452,-0.263
27.007,-23.961,5.461,-0.453,-0.263
26.902,-23.974,5.437,-0.453,-0.262
26.801,-23.986,5.413,-0.454,-0.262
26.706,-23.998,5.389,-0.454,-0.262
26.615,-24.008,5.366,-0.455,-0.261
26.529,-24.018,5.343,-0.455,-0.261
26.447,-24.027,5.32,-0.456,-0.26
26.369,-24.034,5.298,-0.456,-0.26
26.296,-24.041,5.276,-0.457,-0.259
26.227,-24.047,5.255,-0.457,-0.259
26.162,-24.052,5.234,-0.458,-0.259
-70.0,-70.0,-50.0,-1.571,-1.224
-70.0,-70.0,-50.0,-1.571,-0.83
-21.309,-58.156,14.179,-1.455,1.571
-9.946,-41.35,14.549,-1.232,1.571
1.379,-30.32,13.403,-1.031,1.182
11.177,-24.877,11.979,-0.892,0.82
18.373,-22.314,10.605,-0.79,0.515
23.15,-21.353,9.409,-0.709,0.279
26.176,-21.244,8.429,-0.644,0.11
28.06,-21.517,7.661,-0.592,-0.006
29.223,-21.905,7.082,-0.553,-0.084
29.929,-22.282,6.66,-0.524,-0.137
30.34,-22.599,6.363,-0.503,-0.173
30.557,-22.849,6.158,-0.487,-0.198
30.645,-23.039,6.021,-0.475,-0.215
30.645,-23.18,5.932,-0.467,-0.228
30.585,-23.286,5.875,-0.461,-0.237
30.484,-23.366,5.839,-0.457,-0.244
30.354,-23.428,5.817,-0.454,-0.249
30.206,-23.478,5.803,-0.451,-0.253
30.046,-23.518,5.794,-0.45,-0.256
29.877,-23.553,5.787,-0.449,-0.259
29.703,-23.584,5.781,-0.448,-0.261
29.527,-23.612,5.774,-0.447,-0.262
29.351,-23.639,5.766,-0.447,-0.263
29.175,-23.665,5.756,-0.447,-0.264
29.001,-23.689,5.745,-0.447,-0.265
28.83,-23.713,5.732,-0.447,-0.265
28.662,-23.736,5.717,-0.447,-0.266
28.498,-23.758,5.701,-0.448,-0.266
28.338,-23.78,5.683,-0.448,-0.266
28.183,-23.802,5.664,-0.448,-0.266
28.032,-23.822,5.644,-0.449,-0.266
27.886,-23.842,5.623,-0.449,-0.265
27.745,-23.862,5.601,-0.45,-0.265
27.609,-23.88,5.579,-0.45,-0.265
27.478,-23.898,5.555,-0.451,-0.265
27.353,-23.915,5.532,-0.451,-0.264
27.232,-23.931,5.508,-0.452,-0.264
27.117,-23.946,5.485,-0.452,-0.263
27.006,-23.96,5.461,-0.453,-0.263
26.901,-23.973,5.437,-0.453,-0.263
26.801,-23.986,5.413,-0.454,-0.262
26.705,-23.997,5.389,-0.454,-0.262
26.614,-24.008,5.366,-0.455,-0.261
26.528,-24.017,5.343,-0.455,-0.261
26.446,-24.026,5.32,-0.456,-0.26
26.369,-24.034,5.298,-0.456,-0.26
26.296,-24.041,5.276,-0.457,-0.259
26.226,-24.047,5.255,-0.457,-0.259
26.161,-24.052,5.234,-0.458,-0.259
-70.0,-70.0,-50.0,-1.571,-1.224
-70.0,-70.0,-50.0,-1.571,-0.83
-21.31,-58.155,14.179,-1.455,1.571
-9.948,-41.35,14.548,-1.232,1.571
1.377,-30.32,13.403,-1.031,1.182
11.176,-24.876,11.979,-0.892,0.82
18.371,-22.314,10.605,-0.79,0.515
23.149,-21.352,9.409,-0.709,0.279
26.175,-21.243,8.429,-0.644,0.11
28.059,-21.516,7.661,-0.592,-0.006
29.223,-21.904,7.082,-0.553,-0.084
29.929,-22.281,6.661,-0.524,-0.137
30.34,-22.598,6.363,-0.503,-0.173
30.557,-22.848,6.158,-0.487,-0.198
30.644,-23.038,6.021,-0.475,-0.215
30.644,-23.18,5.932,-0.467,-0.228
30.584,-23.286,5.875,-0.461,-0.237
30.483,-23.366,5.839,-0.457,-0.244
30.354,-23.428,5.817,-0.454,-0.249
30.206,-23.477,5.803,-0.451,-0.253
30.045,-23.518,5.794,-0.45,-0.256
29.876,-23.552,5.787,-0.449,-0.259
29.703,-23.583,5.781,-0.448,-0.261
29.527,-23.612,5.774,-0.447,-0.262
29.35,-23.639,5.766,-0.447,-0.263
29.174,-23.664,5.756,-0.447,-0.264
29.001,-23.688,5.745,-0.447,-0.265
28.829,-23.712,5.732,-0.447,-0.265
28.662,-23.735,5.717,-0.447,-0.266
28.498,-23.758,5.701,-0.448,-0.266
28.338,-23.78,5.683,-0.448,-0.266
28.182,-23.801,5.664,-0.448,-0.266
28.031,-23.822,5.644,-0.449,-0.266
27.885,-23.842,5.623,-0.449,-0.265
27.745,-23.861,5.601,-0.45,-0.265
27.609,-23.88,5.578,-0.45,-0.265
27.478,-23.897,5.555,-0.451,-0.265
27.352,-23.914,5.532,-0.451,-0.264
27.232,-23.93,5.508,-0.452,-0.264
27.116,-23.945,5.485,-0.452,-0.263
27.006,-23.96,5.461,-0.453,-0.263
26.9,-23.973,5.437,-0.453,-0.263
26.8,-23.985,5.413,-0.454,-0.262
26.704,-23.997,5.389,-0.454,-0.262
26.614,-24.007,5.366,-0.455,-0.261
26.527,-24.017,5.343,-0.455,-0.261
26.445,-24.025,5.32,-0.456,-0.26
26.368,-24.033,5.298,-0.456,-0.26
26.295,-24.04,5.276,-0.457,-0.259
26.226,-24.046,5.255,-0.457,-0.259
26.161,-24.051,5.234,-0.458,-0.259
-70.0,-70.0,-50.0,-1.571,-1.224
-70.0,-70.0,-50.0,-1.571,-0.83
-21.312,-58.154,14.178,-1.455,1.571
-9.949,-41.349,14.548,-1.232,1.571
1.375,-30.32,13.402,-1.031,1.182
11.174,-24.876,11.979,-0.892,0.82
18.37,-22.313,10.604,-0.79,0.515
23.148,-21.351,9.409,-0.709,0.279
26.174,-21.243,8.429,-0.644,0.11
28.059,-21.515,7.661,-0.592,-0.006
29.222,-21.904,7.082,-0.553,-0.084
29.928,-22.28,6.661,-0.524,-0.137
30.34,-22.598,6.363,-0.503,-0.173
30.557,-22.848,6.158,-0.487,-0.198
30.644,-23.037,6.021,-0.475,-0.215
30.644,-23.179,5.932,-0.467,-0.228
30.584,-23.285,5.875,-0.461,-0.237
30.483,-23.365,5.839,-0.457,-0.244
30.354,-23.427,5.817,-0.454,-0.249
30.206,-23.476,5.803,-0.451,-0.253
30.045,-23.517,5.794,-0.45,-0.256
29.876,-23.552,5.787,-0.449,-0.259
29.702,-23.583,5.781,-0.448,-0.261
29.526,-23.611,5.774,-0.447,-0.262
29.35,-23.638,5.766,-0.447,-0.263
29.174,-23.663,5.756,-0.447,-0.264
29.0,-23.688,5.745,-0.447,-0.265
28.829,-23.712,5.732,-0.447,-0.265
28.661,-23.735,5.717,-0.447,-0.266
28.497,-23.757,5.701,-0.448,-0.266
28.337,-23.779,5.683,-0.448,-0.266
28.182,-23.801,5.664,-0.448,-0.266
28.031,-23.821,5.644,-0.449,-0.266
27.885,-23.842,5.623,-0.449,-0.266
27.744,-23.861,5.601,-0.45,-0.265
27.608,-23.879,5.578,-0.45,-0.265
27.477,-23.897,5.555,-0.451,-0.265
27.352,-23.914,5.532,-0.451,-0.264
27.231,-23.93,5.508,-0.452,-0.264
27.116,-23.945,5.484,-0.452,-0.263
27.005,-23.959,5.461,-0.453,-0.263
26.9,-23.973,5.437,-0.453,-0.263
26.8,-23.985,5.413,-0.454,-0.262
26.704,-23.996,5.389,-0.454,-0.262
26.613,-24.007,5.366,-0.455,-0.261
26.527,-24.016,5.343,-0.455,-0.261
26.445,-24.025,5.32,-0.456,-0.26
26.368,-24.033,5.298,-0.456,-0.26
26.294,-24.04,5.276,-0.457,-0.259
26.225,-24.046,5.254,-0.457,-0.259
26.16,-24.051,5.234,-0.458,-0.259
-70.0,-70.0,-50.0,-1.571,-1.224
-70.0,-70.0,-50.0,-1.571,-0.83
-21.313,-58.154,14.178,-1.455,1.571
-9.95,-41.349,14.547,-1.232,1.571
1.374,-30.32,13.402,-1.031,1.182
11.173,-24.876,11.978,-0.892,0.82
18.369,-22.313,10.604,-0.79,0.515
23.147,-21.351,9.409,-0.709,0.28
26.174,-21.242,8.429,-0.644,0.11
28.058,-21.515,7.661,-0.592,-0.006
29.222,-21.903,7.082,-0.553,-0.084
29.928,-22.28,6.661,-0.524,-0.137
30.339,-22.597,6.363,-0.503,-0.173
30.556,-22.847,6.158,-0.487,-0.198
30.644,-23.037,6.021,-0.475,-0.215
30.644,-23.179,5.932,-0.467,-0.228
30.584,-23.285,5.875,-0.461,-0.237
30.483,-23.365,5.839,-0.457,-0.244
30.353,-23.427,5.817,-0.454,-0.249
30.205,-23.476,5.803,-0.451,-0.253
30.045,-23.517,5.794,-0.45,-0.256
29.876,-23.552,5.787,-0.449,-0.259
29.702,-23.583,5.781,-0.448,-0.261
29.526,-23.611,5.774,-0.447,-0.262
29.349,-23.638,5.766,-0.447,-0.263
29.174,-23.663,5.756,-0.447,-0.264
29.0,-23.688,5.745,-0.447,-0.265
28.829,-23.711,5.732,-0.447,-0.265
28.661,-23.735,5.717,-0.447,-0.266
28.497,-23.757,5.7,-0.448,-0.266
28.337,-23.779,5.683,-0.448,-0.266
28.181,-23.8,5.664,-0.448,-0.266
28.031,-23.821,5.644,-0.449,-0.266
27.885,-23.841,5.623,-0.449,-0.266
27.744,-23.861,5.601,-0.45,-0.265
27.608,-23.879,5.578,-0.45,-0.265
27.477,-23.897,5.555,-0.451,-0.265
27.351,-23.914,5.532,-0.451,-0.264
27.231,-23.93,5.508,-0.452,-0.264
27.115,-23.945,5.484,-0.452,-0.263
27.005,-23.959,5.461,-0.453,-0.263
26.9,-23.972,5.437,-0.453,-0.263
26.799,-23.985,5.413,-0.454,-0.262
26.704,-23.996,5.389,-0.454,-0.262
26.613,-24.007,5.366,-0.455,-0.261
26.526,-24.016,5.343,-0.455,-0.261
26.445,-24.025,5.32,-0.456,-0.26
26.367,-24.033,5.298,-0.456,-0.26
26.294,-24.04,5.276,-0.457,-0.259
26.225,-24.046,5.254,-0.457,-0.259
26.16,-24.051,5.233,-0.458,-0.259
-70.0,-70.0,-50.0,-1.571,-1.224
-70.0,-70.0,-50.0,-1.571,-0.83
-21.313,-58.153,14.178,-1.455,1.571
-9.951,-41.349,14.547,-1.232,1.571
1.373,-30.32,13.402,-1.031,1.182
11.172,-24.876,11.978,-0.892,0.82
18.369,-22.313,10.604,-0.79,0.515
23.147,-21.351,9.409,-0.709,0.28
26.173,-21.242,8.429,-0.644,0.11
28.058,-21.515,7.661,-0.592,-0.006
29.222,-21.903,7.082,-0.553,-0.084
29.928,-22.279,6.661,-0.524,-0.137
30.339,-22.597,6.363,-0.503,-0.173
30.556,-22.847,6.158,-0.487,-0.198
30.644,-23.036,6.021,-0.475,-0.215
30.643,-23.178,5.932,-0.467,-0.228
30.583,-23.284,5.875,-0.461,-0.237
30.482,-23.364,5.839,-0.457,-0.244
30.353,-23.426,5.817,-0.454,-0.249
30.205,-23.476,5.803,-0.451,-0.253
30.044,-23.516,5.794,-0.45,-0.256
29.875,-23.551,5.787,-0.449,-0.259
29.702,-23.582,5.781,-0.448,-0.261
29.526,-23.611,5.774,-0.447,-0.262
29.349,-23.637,5.766,-0.447,-0.263
29.174,-23.663,5.756,-0.447,-0.264
29.0,-23.687,5.745,-0.447,-0.265
28.829,-23.711,5.731,-0.447,-0.265
28.661,-23.734,5.717,-0.447,-0.266
28.497,-23.757,5.7,-0.448,-0.266
28.337,-23.779,5.683,-0.448,-0.266
28.181,-23.8,5.664,-0.448,-0.266
28.03,-23.821,5.644,-0.449,-0.266
27.884,-23.841,5.623,-0.449,-0.266
27.743,-23.86,5.601,-0.45,-0.265
27.608,-23.879,5.578,-0.45,-0.265
27.477,-23.897,5.555,-0.451,-0.265
27.351,-23.913,5.532,-0.451,-0.264
27.231,-23.93,5.508,-0.452,-0.264
27.115,-23.945,5.484,-0.452,-0.263
27.005,-23.959,5.46,-0.453,-0.263
26.899,-23.972,5.437,-0.453,-0.263
26.799,-23.985,5.413,-0.454,-0.262
26.703,-23.996,5.389,-0.454,-0.262
26.612,-24.006,5.366,-0.455,-0.261
26.526,-24.016,5.343,-0.455,-0.261
26.444,-24.025,5.32,-0.456,-0.26
26.367,-24.032,5.298,-0.456,-0.26
26.294,-24.039,5.276,-0.457,-0.259
26.225,-24.045,5.254,-0.457,-0.259
26.16,-24.05,5.233,-0.458,-0.259
-70.0,-70.0,-50.0,-1.571,-1.224
-70.0,-70.0,-50.0,-1.571,-0.83
-21.314,-58.153,14.178,-1.455,1.571
-9.952,-41.349,14.547,-1.232,1.571
1.373,-30.32,13.402,-1.031,1.182
11.172,-24.876,11.978,-0.892,0.82
18.368,-22.313,10.604,-0.79,0.515
23.147,-21.351,9.409,-0.709,0.28
26.173,-21.242,8.429,-0.644,0.11
28.058,-21.514,7.661,-0.592,-0.006
29.222,-21.903,7.082,-0.553,-0.084
29.928,-22.279,6.661,-0.524,-0.137
30.339,-22.597,6.363,-0.503,-0.173
30.556,-22.847,6.158,-0.487,-0.198
30.644,-23.036,6.021,-0.475,-0.215
30.643,-23.178,5.932,-0.467,-0.228
30.583,-23.284,5.875,-0.461,-0.237
30.482,-23.364,5.839,-0.457,-0.244
30.353,-23.426,5.817,-0.454,-0.249
30.205,-23.475,5.803,-0.451,-0.253
30.044,-23.516,5.794,-0.45,-0.256
29.875,-23.551,5.787,-0.449,-0.259
29.702,-23.582,5.781,-0.448,-0.261
29.526,-23.611,5.774,-0.447,-0.262
29.349,-23.637,5.766,-0.447,-0.263
29.173,-23.663,5.756,-0.447,-0.264
29.0,-23.687,5.745,-0.447,-0.265
28.828,-23.711,5.731,-0.447,-0.265
28.66,-23.734,5.717,-0.447,-0.266
28.496,-23.757,5.7,-0.448,-0.266
28.336,-23.779,5.683,-0.448,-0.266
28.181,-23.8,5.664,-0.448,-0.266
28.03,-23.821,5.644,-0.449,-0.266
27.884,-23.841,5.623,-0.449,-0.266
27.743,-23.86,5.601,-0.45,-0.265
27.607,-23.879,5.578,-0.45,-0.265
27.477,-23.896,5.555,-0.451,-0.265
27.351,-23.913,5.532,-0.451,-0.264
27.23,-23.929,5.508,-0.452,-0.264
27.115,-23.945,5.484,-0.452,-0.263
27.005,-23.959,5.46,-0.453,-0.263
26.899,-23.972,5.437,-0.453,-0.263
26.799,-23.984,5.413,-0.454,-0.262
26.703,-23.996,5.389,-0.454,-0.262
26.612,-24.006,5.366,-0.455,-0.261
26.526,-24.016,5.343,-0.455,-0.261
26.444,-24.025,5.32,-0.456,-0.26
26.367,-24.032,5.298,-0.456,-0.26
26.294,-24.039,5.276,-0.457,-0.259
26.225,-24.045,5.254,-0.457,-0.259
26.16,-24.05,5.233,-0.458,-0.259
-70.0,-70.0,-50.0,-1.571,-1.224
-70.0,-70.0,-50.0,-1.571,-0.83
-21.314,-58.153,14.178,-1.455,1.571
-9.952,-41.349,14.547,-1.232,1.571
1.372,-30.32,13.402,-1.031,1.182
11.172,-24.876,11.978,-0.892,0.82
18.368,-22.313,10.604,-0.79,0.515
23.146,-21.35,9.409,-0.709,0.28
26.173,-21.242,8.429,-0.644,0.11
28.058,-21.514,7.661,-0.592,-0.006
29.221,-21.902,7.082,-0.553,-0.084
29.928,-22.279,6.661,-0.524,-0.137
30.339,-22.596,6.363,-0.503,-0.173
30.556,-22.846,6.158,-0.487,-0.198
30.643,-23.036,6.021,-0.475,-0.215
30.643,-23.178,5.932,-0.467,-0.228
30.583,-23.284,5.875,-0.461,-0.237
30.482,-23.364,5.839,-0.457,-0.244
30.353,-23.426,5.817,-0.454,-0.249
30.205,-23.475,5.803,-0.451,-0.253
30.044,-23.516,5.794,-0.45,-0.256
29.875,-23.551,5.787,-0.449,-0.259
29.702,-23.582,5.781,-0.448,-0.261
29.526,-23.611,5.774,-0.447,-0.262
29.349,-23.637,5.766,-0.447,-0.263
29.173,-23.663,5.756,-0.447,-0.264
28.999,-23.687,5.745,-0.447,-0.265
28.828,-23.711,5.731,-0.447,-0.265
28.66,-23.734,5.717,-0.447,-0.266
28.496,-23.757,5.7,-0.448,-0.266
28.336,-23.779,5.683,-0.448,-0.266
28.181,-23.8,5.664,-0.448,-0.266
28.03,-23.821,5.644,-0.449,-0.266
27.884,-23.841,5.623,-0.449,-0.266
27.743,-23.86,5.601,-0.45,-0.265
27.607,-23.879,5.578,-0.45,-0.265
27.476,-23.896,5.555,-0.451,-0.265
27.351,-23.913,5.532,-0.451,-0.264
27.23,-23.929,5.508,-0.452,-0.264
27.115,-23.944,5.484,-0.452,-0.263
27.004,-23.959,5.46,-0.453,-0.263
26.899,-23.972,5.437,-0.453,-0.263
26.799,-23.984,5.413,-0.454,-0.262
26.703,-23.996,5.389,-0.454,-0.262
26.612,-24.006,5.366,-0.455,-0.261
26.526,-24.016,5.343,-0.455,-0.261
26.444,-24.025,5.32,-0.456,-0.26
26.367,-24.032,5.298,-0.456,-0.26
26.294,-24.039,5.276,-0.457,-0.259
26.224,-24.045,5.254,-0.457,-0.259
26.159,-24.05,5.233,-0.458,-0.259
-70.0,-70.0,-50.0,-1.571,-1.224
-70.0,-70.0,-50.0,-1.571,-0.83
-21.314,-58.153,14.177,-1.455,1.571
-9.952,-41.349,14.547,-1.232,1.571
1.372,-30.32,13.401,-1.031,1.182
11.171,-24.876,11.978,-0.892,0.82
18.368,-22.313,10.604,-0.79,0.515
23.146,-21.35,9.409,-0.709,0.28
26.173,-21.242,8.429,-0.644,0.11
28.058,-21.514,7.661,-0.592,-0.006
29.221,-21.902,7.082,-0.553,-0.084
29.928,-22.279,6.661,-0.524,-0.137
30.339,-22.596,6.363,-0.503,-0.173
30.556,-22.846,6.158,-0.487,-0.198
30.643,-23.036,6.021,-0.475,-0.215
30.643,-23.178,5.932,-0.467,-0.228
30.583,-23.284,5.875,-0.461,-0.237
30.482,-23.364,5.839,-0.457,-0.244
30.353,-23.426,5.817,-0.454,-0.249
30.205,-23.475,5.803,-0.451,-0.253
30.044,-23.516,5.794,-0.45,-0.256
29.875,-23.551,5.787,-0.449,-0.259
29.701,-23.582,5.781,-0.448,-0.261
29.525,-23.61,5.774,-0.447,-0.262
29.349,-23.637,5.766,-0.447,-0.263
29.173,-23.662,5.756,-0.447,-0.264
28.999,-23.687,5.745,-0.447,-0.265
28.828,-23.711,5.731,-0.447,-0.265
28.66,-23.734,5.717,-0.447,-0.266
28.496,-23.757,5.7,-0.448,-0.266
28.336,-23.779,5.683,-0.448,-0.266
28.181,-23.8,5.664,-0.448,-0.266
28.03,-23.821,5.644,-0.449,-0.266
27.884,-23.841,5.623,-0.449,-0.266
27.743,-23.86,5.601,-0.45,-0.265
27.607,-23.879,5.578,-0.45,-0.265
27.476,-23.896,5.555,-0.451,-0.265
27.351,-23.913,5.532,-0.451,-0.264
27.23,-23.929,5.508,-0.452,-0.264
27.115,-23.944,5.484,-0.452,-0.263
27.004,-23.959,5.46,-0.453,-0.263
26.899,-23.972,5.437,-0.453,-0.263
26.799,-23.984,5.413,-0.454,-0.262
26.703,-23.996,5.389,-0.454,-0.262
26.612,-24.006,5.366,-0.455,-0.261
26.526,-24.016,5.343,-0.455,-0.261
26.444,-24.024,5.32,-0.456,-0.26
26.367,-24.032,5.298,-0.456,-0.26
26.293,-24.039,5.276,-0.457,-0.259
26.224,-24.045,5.254,-0.457,-0.259
26.159,-24.05,5.233,-0.458,-0.259
-70.0,-70.0,-50.0,-1.571,-1.224
-70.0,-70.0,-50.0,-1.571,-0.83
-21.315,-58.153,14.177,-1.455,1.571
-9.952,-41.349,14.547,-1.232,1.571
1.372,-30.32,13.401,-1.031,1.182
11.171,-24.876,11.978,-0.892,0.82
18.368,-22.313,10.604,-0.79,0.515
23.146,-21.35,9.409,-0.709,0.28
26.172,-21.241,8.429,-0.644,0.11
28.057,-21.514,7.661,-0.592,-0.006
29.221,-21.902,7.082,-0.553,-0.084
29.928,-22.279,6.661,-0.524,-0.137
30.339,-22.596,6.363,-0.503,-0.173
30.556,-22.846,6.158,-0.487,-0.198
30.643,-23.036,6.021,-0.475,-0.215
30.643,-23.178,5.932,-0.467,-0.228
30.583,-23.284,5.875,-0.461,-0.237
30.482,-23.364,5.839,-0.457,-0.244
30.353,-23.426,5.817,-0.454,-0.249
30.205,-23.475,5.803,-0.451,-0.253
30.044,-23.516,5.794,-0.45,-0.256
29.875,-23.551,5.787,-0.449,-0.259
29.701,-23.582,5.781,-0.448,-0.261
29.525,-23.61,5.774,-0.447,-0.262
29.349,-23.637,5.766,-0.447,-0.263
29.173,-23.662,5.756,-0.447,-0.264
28.999,-23.687,5.745,-0.447,-0.265
28.828,-23.711,5.731,-0.447,-0.265
28.66,-23.734,5.717,-0.447,-0.266
28.496,-23.756,5.7,-0.448,-0.266
28.336,-23.778,5.683,-0.448,-0.266
28.181,-23.8,5.664,-0.448,-0.266
28.03,-23.821,5.644,-0.449,-0.266
27.884,-23.841,5.623,-0.449,-0.266
27.743,-23.86,5.601,-0.45,-0.265
27.607,-23.878,5.578,-0.45,-0.265
27.476,-23.896,5.555,-0.451,-0.265
27.351,-23.913,5.532,-0.451,-0.264
27.23,-23.929,5.508,-0.452,-0.264
27.115,-23.944,5.484,-0.452,-0.263
27.004,-23.959,5.46,-0.453,-0.263
26.899,-23.972,5.436,-0.453,-0.263
26.798,-23.984,5.413,-0.454,-0.262
26.703,-23.996,5.389,-0.454,-0.262
26.612,-24.006,5.366,-0.455,-0.261
26.526,-24.016,5.343,-0.455,-0.261
26.444,-24.024,5.32,-0.456,-0.26
26.367,-24.032,5.298,-0.456,-0.26
26.293,-24.039,5.276,-0.457,-0.259
26.224,-24.045,5.254,-0.457,-0.259
26.159,-24.05,5.233,-0.458,-0.259
-70.0,-70.0,-50.0,-1.571,-1.224
-70.0,-70.0,-50.0,-1.571,-0.83
-21.315,-58.153,14.177,-1.455,1.571
-9.953,-41.349,14.547,-1.232,1.571
1.372,-30.32,13.401,-1.031,1.182
11.171,-24.876,11.978,-0.892,0.82
18.368,-22.313,10.604,-0.79,0.515
23.146,-21.35,9.409,-0.709,0.28
26.172,-21.241,8.429,-0.644,0.11
28.057,-21.514,7.661,-0.592,-0.006
29.221,-21.902,7.082,-0.553,-0.084
29.928,-22.279,6.661,-0.524,-0.137
30.339,-22.596,6.363,-0.503,-0.173
30.556,-22.846,6.158,-0.487,-0.198
30.643,-23.036,6.021,-0.475,-0.215
30.643,-23.178,5.932,-0.467,-0.228
30.583,-23.284,5.875,-0.461,-0.237
30.482,-23.364,5.839,-0.457,-0.244
30.353,-23.426,5.817,-0.454,-0.249
30.205,-23.475,5.803,-0.451,-0.253
30.044,-23.516,5.794,-0.45,-0.256
29.875,-23.551,5.787,-0.449,-0.259
29.701,-23.582,5.781,-0.448,-0.261
29.525,-23.61,5.774,-0.447,-0.262
29.349,-23.637,5.766,-0.447,-0.263
29.173,-23.662,5.756,-0.447,-0.264
28.999,-23.687,5.745,-0.447,-0.265
28.828,-23.711,5.731,-0.447,-0.265
28.66,-23.734,5.717,-0.447,-0.266
28.496,-23.756,5.7,-0.448,-0.266
28.336,-23.778,5.683,-0.448,-0.266
28.181,-23.8,5.664,-0.448,-0.266
28.03,-23.821,5.644,-0.449,-0.266
27.884,-23.841,5.623,-0.449,-0.266
27.743,-23.86,5.601,-0.45,-0.265
27.607,-23.878,5.578,-0.45,-0.265
27.476,-23.896,5.555,-0.451,-0.265
27.351,-23.913,5.532,-0.451,-0.264
27.23,-23.929,5.508,-0.452,-0.264
27.115,-23.944,5.484,-0.452,-0.263
27.004,-23.959,5.46,-0.453,-0.263
26.899,-23.972,5.436,-0.453,-0.263
26.798,-23.984,5.413,-0.454,-0.262
26.703,-23.996,5.389,-0.454,-0.262
26.612,-24.006,5.366,-0.455,-0.261
26.526,-24.016,5.343,-0.455,-0.261
26.444,-24.024,5.32,-0.456,-0.26
26.367,-24.032,5.298,-0.456,-0.26
26.293,-24.039,5.276,-0.457,-0.259
26.224,-24.045,5.254,-0.457,-0.259
26.159,-24.05,5.233,-0.458,-0.259
-70.0,-70.0,-50.0,-1.571,-1.224
-70.0,-70.0,-50.0,-1.571,-0.83
-21.315,-58.153,14.177,-1.455,1.571
-9.953,-41.349,14.547,-1.232,1.571
1.372,-30.32,13.401,-1.031,1.182
11.171,-24.876,11.978,-0.892,0.82
18.367,-22.313,10.604,-0.79,0.515
23.146,-21.35,9.409,-0.709,0.28
26.172,-21.241,8.429,-0.644,0.11
28.057,-21.514,7.661,-0.592,-0.006
29.221,-21.902,7.082,-0.553,-0.084
29.928,-22.279,6.661,-0.524,-0.137
30.339,-22.596,6.363,-0.503,-0.173
30.556,-22.846,6.158,-0.487,-0.198
30.643,-23.036,6.021,-0.475,-0.215
30.643,-23.178,5.932,-0.467,-0.228
30.583,-23.284,5.875,-0.461,-0.237
30.482,-23.364,5.839,-0.457,-0.244
30.353,-23.426,5.817,-0.454,-0.249
30.205,-23.475,5.803,-0.451,-0.253
30.044,-23.516,5.794,-0.45,-0.256
29.875,-23.551,5.787,-0.449,-0.259
29.701,-23.582,5.781,-0.448,-0.261
29.525,-23.61,5.774,-0.447,-0.262
29.349,-23.637,5.766,-0.447,-0.263
29.173,-23.662,5.756,-0.447,-0.264
28.999,-23.687,5.745,-0.447,-0.265
28.828,-23.711,5.731,-0.447,-0.265
28.66,-23.734,5.717,-0.447,-0.266
28.496,-23.756,5.7,-0.448,-0.266
28.336,-23.778,5.683,-0.448,-0.266
28.181,-23.8,5.664,-0.448,-0.266
28.03,-23.821,5.644,-0.449,-0.266
27.884,-23.841,5.623,-0.449,-0.266
27.743,-23.86,5.601,-0.45,-0.265
27.607,-23.878,5.578,-0.45,-0.265
27.476,-23.896,5.555,-0.451,-0.265
27.351,-23.913,5.532,-0.451,-0.264
27.23,-23.929,5.508,-0.452,-0.264
27.115,-23.944,5.484,-0.452,-0.263
27.004,-23.958,5.46,-0.453,-0.263
26.899,-23.972,5.436,-0.453,-0.263
26.798,-23.984,5.413,-0.454,-0.262
26.703,-23.996,5.389,-0.454,-0.262
26.612,-24.006,5.366,-0.455,-0.261
26.526,-24.016,5.343,-0.455,-0.261
26.444,-24.024,5.32,-0.456,-0.26
26.366,-24.032,5.298,-0.456,-0.26
26.293,-24.039,5.276,-0.457,-0.259
26.224,-24.045,5.254,-0.457,-0.259
26.159,-24.05,5.233,-0.458,-0.259
-70.0,-70.0,-50.0,-1.571,-1.224
-70.0,-70.0,-50.0,-1.571,-0.83
-21.315,-58.153,14.177,-1.455,1.571
-9.953,-41.349,14.546,-1.232,1.571
1.372,-30.32,13.401,-1.031,1.182
11.171,-24.876,11.978,-0.892,0.82
18.367,-22.313,10.604,-0.79,0.515
23.146,-21.35,9.409,-0.709,0.28
26.172,-21.241,8.429,-0.644,0.11
28.057,-21.514,7.661,-0.592,-0.006
29.221,-21.902,7.082,-0.553,-0.084
29.928,-22.279,6.661,-0.524,-0.137
30.339,-22.596,6.363,-0.503,-0.173
30.556,-22.846,6.158,-0.487,-0.198
30.643,-23.036,6.021,-0.475,-0.215
30.643,-23.178,5.932,-0.467,-0.228
30.583,-23.284,5.875,-0.461,-0.237
30.482,-23.364,5.839,-0.457,-0.244
30.353,-23.426,5.817,-0.454,-0.249
30.205,-23.475,5.803,-0.451,-0.253
30.044,-23.516,5.794,-0.45,-0.256
29.875,-23.551,5.787,-0.449,-0.259
29.701,-23.582,5.781,-0.448,-0.261
29.525,-23.61,5.774,-0.447,-0.262
29.349,-23.637,5.766,-0.447,-0.263
29.173,-23.662,5.756,-0.447,-0.264
28.999,-23.687,5.745,-0.447,-0.265
28.828,-23.711,5.731,-0.447,-0.265
28.66,-23.734,5.717,-0.447,-0.266
28.496,-23.756,5.7,-0.448,-0.266
28.336,-23.778,5.683,-0.448,-0.266
28.181,-23.8,5.664,-0.448,-0.266
28.03,-23.821,5.644,-0.449,-0.266
27.884,-23.841,5.623,-0.449,-0.266
27.743,-23.86,5.601,-0.45,-0.265
27.607,-23.878,5.578,-0.45,-0.265
27.476,-23.896,5.555,-0.451,-0.265
27.351,-23.913,5.532,-0.451,-0.264
27.23,-23.929,5.508,-0.452,-0.264
27.115,-23.944,5.484,-0.452,-0.263
27.004,-23.958,5.46,-0.453,-0.263
26.899,-23.972,5.436,-0.453,-0.263
26.798,-23.984,5.413,-0.454,-0.262
26.703,-23.996,5.389,-0.454,-0.262
26.612,-24.006,5.366,-0.455,-0.261
26.526,-24.016,5.343,-0.455,-0.261
26.444,-24.024,5.32,-0.456,-0.26
26.366,-24.032,5.298,-0.456,-0.26
26.293,-24.039,5.276,-0.457,-0.259
26.224,-24.045,5.254,-0.457,-0.259
26.159,-24.05,5.233,-0.458,-0.259
-70.0,-70.0,-50.0,-1.571,-1.224
-70.0,-70.0,-50.0,-1.571,-0.83
-21.315,-58.153,14.177,-1.455,1.571
-9.953,-41.349,14.546,-1.232,1.571
1.372,-30.32,13.401,-1.031,1.182
11.171,-24.876,11.978,-0.892,0.82
18.367,-22.313,10.604,-0.79,0.515
23.146,-21.35,9.408,-0.709,0.28
26.172,-21.241,8.429,-0.644,0.11
28.057,-21.514,7.661,-0.592,-0.006
29.221,-21.902,7.082,-0.553,-0.084
29.928,-22.279,6.661,-0.524,-0.137
30.339,-22.596,6.363,-0.503,-0.173
30.556,-22.846,6.158,-0.487,-0.198
30.643,-23.036,6.021,-0.475,-0.215
30.643,-23.178,5.932,-0.467,-0.228
30.583,-23.284,5.875,-0.461,-0.237
30.482,-23.364,5.839,-0.457,-0.244
30.353,-23.426,5.817,-0.454,-0.249
30.205,-23.475,5.803,-0.451,-0.253
30.044,-23.516,5.794,-0.45,-0.256
29.875,-23.551,5.787,-0.449,-0.259
29.701,-23.582,5.781,-0.448,-0.261
29.525,-23.61,5.774,-0.447,-0.262
29.349,-23.637,5.766,-0.447,-0.263
29.173,-23.662,5.756,-0.447,-0.264
28.999,-23.687,5.745,-0.447,-0.265
28.828,-23.711,5.731,-0.447,-0.265
28.66,-23.734,5.717,-0.447,-0.266
28.496,-23.756,5.7,-0.448,-0.266
28.336,-23.778,5.683,-0.448,-0.266
28.181,-23.8,5.664,-0.448,-0.266
28.03,-23.82,5.644,-0.449,-0.266
27.884,-23.841,5.623,-0.449,-0.266
27.743,-23.86,5.601,-0.45,-0.265
27.607,-23.878,5.578,-0.45,-0.265
27.476,-23.896,5.555,-0.451,-0.265
27.351,-23.913,5.532,-0.451,-0.264
27.23,-23.929,5.508,-0.452,-0.264
27.115,-23.944,5.484,-0.452,-0.263
27.004,-23.958,5.46,-0.453,-0.263
26.899,-23.972,5.436,-0.453,-0.263
26.798,-23.984,5.413,-0.454,-0.262
26.703,-23.996,5.389,-0.454,-0.262
26.612,-24.006,5.366,-0.455,-0.261
26.526,-24.016,5.343,-0.455,-0.261
26.444,-24.024,5.32,-0.456,-0.26
26.366,-24.032,5.298,-0.456,-0.26
26.293,-24.039,5.276,-0.457,-0.259
26.224,-24.045,5.254,-0.457,-0.259
26.159,-24.05,5.233,-0.458,-0.259
-70.0,-70.0,-50.0,-1.571,-1.224
-70.0,-70.0,-50.0,-1.571,-0.83
-21.315,-58.153,14.177,-1.455,1.571
-9.953,-41.349,14.546,-1.232,1.571
1.371,-30.32,13.401,-1.031,1.182
11.171,-24.876,11.978,-0.892,0.82
18.367,-22.313,10.604,-0.79,0.515
23.146,-21.35,9.409,-0.709,0.28
26.172,-21.241,8.429,-0.644,0.11
28.057,-21.514,7.661,-0.592,-0.006
29.221,-21.902,7.082,-0.553,-0.084
29.928,-22.279,6.661,-0.524,-0.137
30.339,-22.596,6.363,-0.503,-0.173
30.556,-22.846,6.158,-0.487,-0.198
30.643,-23.036,6.021,-0.475,-0.215
30.643,-23.178,5.932,-0.467,-0.228
30.583,-23.284,5.875,-0.461,-0.237
30.482,-23.364,5.839,-0.457,-0.244
30.353,-23.426,5.817,-0.454,-0.249
30.205,-23.475,5.803,-0.451,-0.253
30.044,-23.516,5.794,-0.45,-0.256
29.875,-23.551,5.787,-0.449,-0.259
29.701,-23.582,5.781,-0.448,-0.261
29.525,-23.61,5.774,-0.447,-0.262
29.349,-23.637,5.766,-0.447,-0.263
29.173,-23.662,5.756,-0.447,-0.264
28.999,-23.687,5.745,-0.447,-0.265
28.828,-23.711,5.731,-0.447,-0.265
28.66,-23.734,5.717,-0.447,-0.266
28.496,-23.756,5.7,-0.448,-0.266
28.336,-23.778,5.683,-0.448,-0.266
28.181,-23.8,5.664,-0.448,-0.266
28.03,-23.82,5.644,-0.449,-0.266
27.884,-23.841,5.623,-0.449,-0.266
27.743,-23.86,5.601,-0.45,-0.265
27.607,-23.878,5.578,-0.45,-0.265
27.476,-23.896,5.555,-0.451,-0.265
27.351,-23.913,5.532,-0.451,-0.264
27.23,-23.929,5.508,-0.452,-0.264
27.115,-23.944,5.484,-0.452,-0.263
27.004,-23.958,5.46,-0.453,-0.263
26.899,-23.972,5.436,-0.453,-0.263
26.798,-23.984,5.413,-0.454,-0.262
26.703,-23.996,5.389,-0.454,-0.262
26.612,-24.006,5.366,-0.455,-0.261
26.526,-24.016,5.343,-0.455,-0.261
26.444,-24.024,5.32,-0.456,-0.26
26.366,-24.032,5.298,-0.456,-0.26
26.293,-24.039,5.276,-0.457,-0.259
26.224,-24.045,5.254,-0.457,-0.259
26.159,-24.05,5.233,-0.458,-0.259
-70.0,-70.0,-50.0,-1.571,-1.224
-70.0,-70.0,-50.0,-1.571,-0.83
-21.315,-58.153,14.177,-1.455,1.571
-9.953,-41.349,14.546,-1.232,1.571
1.371,-30.32,13.401,-1.031,1.182
11.171,-24.876,11.978,-0.892,0.82
18.367,-22.313,10.604,-0.79,0.515
23.146,-21.35,9.408,-0.709,0.28
26.172,-21.241,8.429,-0.644,0.11
28.057,-21.514,7.661,-0.592,-0.006
29.221,-21.902,7.082,-0.553,-0.084
29.928,-22.279,6.661,-0.524,-0.137
30.339,-22.596,6.363,-0.503,-0.173
30.556,-22.846,6.158,-0.487,-0.198
30.643,-23.036,6.021,-0.475,-0.215
30.643,-23.178,5.932,-0.467,-0.228
30.583,-23.284,5.875,-0.461,-0.237
30.482,-23.364,5.839,-0.457,-0.244
30.353,-23.426,5.817,-0.454,-0.249
30.205,-23.475,5.803,-0.451,-0.253
30.044,-23.516,5.794,-0.45,-0.256
29.875,-23.551,5.787,-0.449,-0.259
29.701,-23.582,5.781,-0.448,-0.261
29.525,-23.61,5.774,-0.447,-0.262
29.349,-23.637,5.766,-0.447,-0.263
29.173,-23.662,5.756,-0.447,-0.264
28.999,-23.687,5.745,-0.447,-0.265
28.828,-23.711,5.731,-0.447,-0.265
28.66,-23.734,5.717,-0.447,-0.266
28.496,-23.756,5.7,-0.448,-0.266
28.336,-23.778,5.683,-0.448,-0.266
28.181,-23.8,5.664,-0.448,-0.266
28.03,-23.82,5.644,-0.449,-0.266
27.884,-23.841,5.623,-0.449,-0.266
27.743,-23.86,5.601,-0.45,-0.265
27.607,-23.878,5.578,-0.45,-0.265
27.476,-23.896,5.555,-0.451,-0.265
27.351,-23.913,5.532,-0.451,-0.264
27.23,-23.929,5.508,-0.452,-0.264
27.115,-23.944,5.484,-0.452,-0.263
27.004,-23.958,5.46,-0.453,-0.263
26.899,-23.972,5.436,-0.453,-0.263
26.798,-23.984,5.413,-0.454,-0.262
26.703,-23.996,5.389,-0.454,-0.262
26.612,-24.006,5.366,-0.455,-0.261
26.526,-24.016,5.343,-0.455,-0.261
26.444,-24.024,5.32,-0.456,-0.26
26.366,-24.032,5.298,-0.456,-0.26
26.293,-24.039,5.276,-0.457,-0.259
26.224,-24.045,5.254,-0.457,-0.259
26.159,-24.05,5.233,-0.458,-0.259
-70.0,-70.0,-50.0,-1.571,-1.224
-70.0,-70.0,-50.0,-1.571,-0.83
-21.315,-58.153,14.177,-1.455,1.571
-9.953,-41.349,14.546,-1.232,1.571
1.371,-30.32,13.401,-1.031,1.182
11.171,-24.876,11.978,-0.892,0.82
18.367,-22.313,10.604,-0.79,0.515
23.146,-21.35,9.409,-0.709,0.28
26.172,-21.241,8.429,-0.644,0.11
28.057,-21.514,7.661,-0.592,-0.006
29.221,-21.902,7.082,-0.553,-0.084
29.928,-22.279,6.661,-0.524,-0.137
30.339,-22.596,6.363,-0.503,-0.173
30.556,-22.846,6.158,-0.487,-0.198
30.643,-23.036,6.021,-0.475,-0.215
30.643,-23.178,5.932,-0.467,-0.228
30.583,-23.284,5.875,-0.461,-0.237
30.482,-23.364,5.839,-0.457,-0.244
30.353,-23.426,5.817,-0.454,-0.249
30.205,-23.475,5.803,-0.451,-0.253
30.044,-23.516,5.794,-0.45,-0.256
29.875,-23.551,5.787,-0.449,-0.259
29.701,-23.582,5.781,-0.448,-0.261
29.525,-23.61,5.774,-0.447,-0.262
29.349,-23.637,5.766,-0.447,-0.263
29.173,-23.662,5.756,-0.447,-0.264
28.999,-23.687,5.745,-0.447,-0.265
28.828,-23.711,5.731,-0.447,-0.265
28.66,-23.734,5.717,-0.447,-0.266
28.496,-23.756,5.7,-0.448,-0.266
28.336,-23.778,5.683,-0.448,-0.266
28.181,-23.8,5.664,-0.448,-0.266
28.03,-23.82,5.644,-0.449,-0.266
27.884,-23.841,5.623,-0.449,-0.266
27.743,-23.86,5.601,-0.45,-0.265
27.607,-23.878,5.578,-0.45,-0.265
27.476,-23.896,5.555,-0.451,-0.265
27.351,-23.913,5.532,-0.451,-0.264
27.23,-23.929,5.508,-0.452,-0.264
27.115,-23.944,5.484,-0.452,-0.263
27.004,-23.958,5.46,-0.453,-0.263
26.899,-23.972,5.436,-0.453,-0.263
26.798,-23.984,5.413,-0.454,-0.262
26.703,-23.996,5.389,-0.454,-0.262
26.612,-24.006,5.366,-0.455,-0.261
26.526,-24.016,5.343,-0.455,-0.261
26.444,-24.024,5.32,-0.456,-0.26
26.366,-24.032,5.298,-0.456,-0.26
26.293,-24.039,5.276,-0.457,-0.259
26.224,-24.045,5.254,-0.457,-0.259
26.159,-24.05,5.233,-0.458,-0.259
-70.0,-70.0,-50.0,-1.571,-1.224
-70.0,-70.0,-50.0,-1.571,-0.83
-21.315,-58.153,14.177,-1.455,1.571
-9.953,-41.349,14.546,-1.232,1.571
1.371,-30.32,13.401,-1.031,1.182
11.171,-24.876,11.978,-0.892,0.82
18.367,-22.313,10.604,-0.79,0.515
23.146,-21.35,9.408,-0.709,0.28
26.172,-21.241,8.429,-0.644,0.11
28.057,-21.514,7.661,-0.592,-0.006
29.221,-21.902,7.082,-0.553,-0.084
29.928,-22.279,6.661,-0.524,-0.137
30.339,-22.596,6.363,-0.503,-0.173
30.556,-22.846,6.158,-0.487,-0.198
30.643,-23.036,6.021,-0.475,-0.215
30.643,-23.178,5.932,-0.467,-0.228
30.583,-23.284,5.875,-0.461,-0.237
30.482,-23.364,5.839,-0.457,-0.244
30.353,-23.426,5.817,-0.454,-0.249
30.205,-23.475,5.803,-0.451,-0.253
30.044,-23.516,5.794,-0.45,-0.256
29.875,-23.551,5.787,-0.449,-0.259
29.701,-23.582,5.781,-0.448,-0.261
29.525,-23.61,5.774,-0.447,-0.262
29.349,-23.637,5.766,-0.447,-0.263
29.173,-23.662,5.756,-0.447,-0.264
28.999,-23.687,5.745,-0.447,-0.265
28.828,-23.711,5.731,-0.447,-0.265
28.66,-23.734,5.717,-0.447,-0.266
28.496,-23.756,5.7,-0.448,-0.266
28.336,-23.778,5.683,-0.448,-0.266
28.181,-23.8,5.664,-0.448,-0.266
28.03,-23.82,5.644,-0.449,-0.266
27.884,-23.841,5.623,-0.449,-0.266
27.743,-23.86,5.601,-0.45,-0.265
27.607,-23.878,5.578,-0.45,-0.265
27.476,-23.896,5.555,-0.451,-0.265
27.351,-23.913,5.532,-0.451,-0.264
27.23,-23.929,5.508,-0.452,-0.264
27.115,-23.944,5.484,-0.452,-0.263
27.004,-23.958,5.46,-0.453,-0.263
26.899,-23.972,5.436,-0.453,-0.263
26.798,-23.984,5.413,-0.454,-0.262
26.703,-23.996,5.389,-0.454,-0.262
26.612,-24.006,5.366,-0.455,-0.261
26.526,-24.016,5.343,-0.455,-0.261
26.444,-24.024,5.32,-0.456,-0.26
26.366,-24.032,5.298,-0.456,-0.26
26.293,-24.039,5.276,-0.457,-0.259
26.224,-24.045,5.254,-0.457,-0.259
26.159,-24.05,5.233,-0.458,-0.259
-70.0,-70.0,-50.0,-1.571,-1.224
-70.0,-70.0,-50.0,-1.571,-0.83
-21.315,-58.153,14.177,-1.455,1.571
-9.953,-41.349,14.546,-1.232,1.571
1.371,-30.32,13.401,-1.031,1.182
11.171,-24.876,11.978,-0.892,0.82
18.367,-22.313,10.604,-0.79,0.515
23.146,-21.35,9.409,-0.709,0.28
26.172,-21.241,8.429,-0.644,0.11
28.057,-21.514,7.661,-0.592,-0.006
29.221,-21.902,7.082,-0.553,-0.084
29.928,-22.279,6.661,-0.524,-0.137
30.339,-22.596,6.363,-0.503,-0.173
30.556,-22.846,6.158,-0.487,-0.198
30.643,-23.036,6.021,-0.475,-0.215
30.643,-23.178,5.932,-0.467,-0.228
30.583,-23.284,5.875,-0.461,-0.237
30.482,-23.364,5.839,-0.457,-0.244
30.353,-23.426,5.817,-0.454,-0.249
30.205,-23.475,5.803,-0.451,-0.253
30.044,-23.516,5.794,-0.45,-0.256
29.875,-23.551,5.787,-0.449,-0.259
29.701,-23.582,5.781,-0.448,-0.261
29.525,-23.61,5.774,-0.447,-0.262
29.349,-23.637,5.766,-0.447,-0.263
29.173,-23.662,5.756,-0.447,-0.264
28.999,-23.687,5.745,-0.447,-0.265
28.828,-23.711,5.731,-0.447,-0.265
28.66,-23.734,5.717,-0.447,-0.266
28.496,-23.756,5.7,-0.448,-0.266
28.336,-23.778,5.683,-0.448,-0.266
28.181,-23.8,5.664,-0.448,-0.266
28.03,-23.82,5.644,-0.449,-0.266
27.884,-23.841,5.623,-0.449,-0.266
27.743,-23.86,5.601,-0.45,-0.265
27.607,-23.878,5.578,-0.45,-0.265
27.476,-23.896,5.555,-0.451,-0.265
27.351,-23.913,5.532,-0.451,-0.264
27.23,-23.929,5.508,-0.452,-0.264
27.115,-23.944,5.484,-0.452,-0.263
27.004,-23.958,5.46,-0.453,-0.263
26.899,-23.972,5.436,-0.453,-0.263
26.798,-23.984,5.413,-0.454,-0.262
26.703,-23.996,5.389,-0.454,-0.262
26.612,-24.006,5.366,-0.455,-0.261
26.526,-24.016,5.343,-0.455,-0.261
26.444,-24.024,5.32,-0.456,-0.26
26.366,-24.032,5.298,-0.456,-0.26
26.293,-24.039,5.276,-0.457,-0.259
26.224,-24.045,5.254,-0.457,-0.259
26.159,-24.05,5.233,-0.458,-0.259
-70.0,-70.0,-50.0,-1.571,-1.224
-70.0,-70.0,-50.0,-1.571,-0.83
-21.315,-58.153,14.177,-1.455,1.571
-9.953,-41.349,14.546,-1.232,1.571
1.371,-30.32,13.401,-1.031,1.182
11.171,-24.876,11.978,-0.892,0.82
18.367,-22.313,10.604,-0.79,0.515
23.146,-21.35,9.408,-0.709,0.28
26.172,-21.241,8.429,-0.644,0.11
28.057,-21.514,7.661,-0.592,-0.006
29.221,-21.902,7.082,-0.553,-0.084
29.928,-22.279,6.661,-0.524,-0.137
30.339,-22.596,6.363,-0.503,-0.173
30.556,-22.846,6.158,-0.487,-0.198
30.643,-23.036,6.021,-0.475,-0.215
30.643,-23.178,5.932,-0.467,-0.228
30.583,-23.284,5.875,-0.461,-0.237
30.482,-23.364,5.839,-0.457,-0.244
30.353,-23.426,5.817,-0.454,-0.249
30.205,-23.475,5.803,-0.451,-0.253
30.044,-23.516,5.794,-0.45,-0.256
29.875,-23.551,5.787,-0.449,-0.259
29.701,-23.582,5.781,-0.448,-0.261
29.525,-23.61,5.774,-0.447,-0.262
29.349,-23.637,5.766,-0.447,-0.263
29.173,-23.662,5.756,-0.447,-0.264
28.999,-23.687,5.745,-0.447,-0.265
28.828,-23.711,5.731,-0.447,-0.265
28.66,-23.734,5.717,-0.447,-0.266
28.496,-23.756,5.7,-0.448,-0.266
28.336,-23.778,5.683,-0.448,-0.266
28.181,-23.8,5.664,-0.448,-0.266
28.03,-23.82,5.644,-0.449,-0.266
27.884,-23.841,5.623,-0.449,-0.266
27.743,-23.86,5.601,-0.45,-0.265
27.607,-23.878,5.578,-0.45,-0.265
27.476,-23.896,5.555,-0.451,-0.265
27.351,-23.913,5.532,-0.451,-0.264
27.23,-23.929,5.508,-0.452,-0.264
27.115,-23.944,5.484,-0.452,-0.263
27.004,-23.958,5.46,-0.453,-0.263
26.899,-23.972,5.436,-0.453,-0.263
26.798,-23.984,5.413,-0.454,-0.262
26.703,-23.996,5.389,-0.454,-0.262
26.612,-24.006,5.366,-0.455,-0.261
26.526,-24.016,5.343,-0.455,-0.261
26.444,-24.024,5.32,-0.456,-0.26
26.366,-24.032,5.298,-0.456,-0.26
26.293,-24.039,5.276,-0.457,-0.259
26.224,-24.045,5.254,-0.457,-0.259
26.159,-24.05,5.233,-0.458,-0.259
-70.0,-70.0,-50.0,-1.571,-1.224
-70.0,-70.0,-50.0,-1.571,-0.83
-21.315,-58.153,14.177,-1.455,1.571
-9.953,-41.349,14.546,-1.232,1.571
1.371,-30.32,13.401,-1.031,1.182
11.171,-24.876,11.978,-0.892,0.82
18.367,-22.313,10.604,-0.79,0.515
23.146,-21.35,9.408,-0.709,0.28
26.172,-21.241,8.429,-0.644,0.11
28.057,-21.514,7.661,-0.592,-0.006
29.221,-21.902,7.082,-0.553,-0.084
29.928,-22.279,6.661,-0.524,-0.137
30.339,-22.596,6.363,-0.503,-0.173
30.556,-22.846,6.158,-0.487,-0.198
30.643,-23.036,6.021,-0.475,-0.215
30.643,-23.178,5.932,-0.467,-0.228
30.583,-23.284,5.875,-0.461,-0.237
30.482,-23.364,5.839,-0.457,-0.244
30.353,-23.426,5.817,-0.454,-0.249
30.205,-23.475,5.803,-0.451,-0.253
30.044,-23.516,5.794,-0.45,-0.256
29.875,-23.551,5.787,-0.449,-0.259
29.701,-23.582,5.781,-0.448,-0.261
29.525,-23.61,5.774,-0.447,-0.262
29.349,-23.637,5.766,-0.447,-0.263
29.173,-23.662,5.756,-0.447,-0.264
28.999,-23.687,5.745,-0.447,-0.265
28.828,-23.711,5.731,-0.447,-0.265
28.66,-23.734,5.717,-0.447,-0.266
28.496,-23.756,5.7,-0.448,-0.266
28.336,-23.778,5.683,-0.448,-0.266
28.181,-23.8,5.664,-0.448,-0.266
28.03,-23.82,5.644,-0.449,-0.266
27.884,-23.841,5.623,-0.449,-0.266
27.743,-23.86,5.601,-0.45,-0.265
27.607,-23.878,5.578,-0.45,-0.265
27.476,-23.896,5.555,-0.451,-0.265
27.351,-23.913,5.532,-0.451,-0.264
27.23,-23.929,5.508,-0.452,-0.264
27.115,-23.944,5.484,-0.452,-0.263
27.004,-23.958,5.46,-0.453,-0.263
26.899,-23.972,5.436,-0.453,-0.263
26.798,-23.984,5.413,-0.454,-0.262
26.703,-23.996,5.389,-0.454,-0.262
26.612,-24.006,5.366,-0.455,-0.261
26.526,-24.016,5.343,-0.455,-0.261
26.444,-24.024,5.32,-0.456,-0.26
26.366,-24.032,5.298,-0.456,-0.26
26.293,-24.039,5.276,-0.457,-0.259
26.224,-24.045,5.254,-0.457,-0.259
26.159,-24.05,5.233,-0.458,-0.259
-70.0,-70.0,-50.0,-1.571,-1.224
-70.0,-70.0,-50.0,-1.571,-0.83
-21.315,-58.153,14.177,-1.455,1.571
-9.953,-41.349,14.546,-1.232,1.571
1.371,-30.32,13.401,-1.031,1.182
11.171,-24.876,11.978,-0.892,0.82
18.367,-22.313,10.604,-0.79,0.515
23.146,-21.35,9.408,-0.709,0.28
26.172,-21.241,8.429,-0.644,0.11
28.057,-21.514,7.661,-0.592,-0.006
29.221,-21.902,7.082,-0.553,-0.084
29.928,-22.279,6.661,-0.524,-0.137
30.339,-22.596,6.363,-0.503,-0.173
30.556,-22.846,6.158,-0.487,-0.198
30.643,-23.036,6.021,-0.475,-0.215
30.643,-23.178,5.932,-0.467,-0.228
30.583,-23.284,5.875,-0.461,-0.237
30.482,-23.364,5.839,-0.457,-0.244
30.353,-23.426,5.817,-0.454,-0.249
30.205,-23.475,5.803,-0.451,-0.253
30.044,-23.516,5.794,-0.45,-0.256
29.875,-23.551,5.787,-0.449,-0.259
29.701,-23.582,5.781,-0.448,-0.261
29.525,-23.61,5.774,-0.447,-0.262
29.349,-23.637,5.766,-0.447,-0.263
29.173,-23.662,5.756,-0.447,-0.264
28.999,-23.687,5.745,-0.447,-0.265
28.828,-23.711,5.731,-0.447,-0.265
28.66,-23.734,5.717,-0.447,-0.266
28.496,-23.756,5.7,-0.448,-0.266
28.336,-23.778,5.683,-0.448,-0.266
28.181,-23.8,5.664,-0.448,-0.266
28.03,-23.82,5.644,-0.449,-0.266
27.884,-23.841,5.623,-0.449,-0.266
27.743,-23.86,5.601,-0.45,-0.265
27.607,-23.878,5.578,-0.45,-0.265
27.476,-23.896,5.555,-0.451,-0.265
27.351,-23.913,5.532,-0.451,-0.264
27.23,-23.929,5.508,-0.452,-0.264
27.115,-23.944,5.484,-0.452,-0.263
27.004,-23.958,5.46,-0.453,-0.263
26.899,-23.972,5.436,-0.453,-0.263
26.798,-23.984,5.413,-0.454,-0.262
26.703,-23.996,5.389,-0.454,-0.262
26.612,-24.006,5.366,-0.455,-0.261
26.526,-24.016,5.343,-0.455,-0.261
26.444,-24.024,5.32,-0.456,-0.26
26.366,-24.032,5.298,-0.456,-0.26
26.293,-24.039,5.276,-0.457,-0.259
26.224,-24.045,5.254,-0.457,-0.259
26.159,-24.05,5.233,-0.458,-0.259
-70.0,-70.0,-50.0,-1.571,-1.224
-70.0,-70.0,-50.0,-1.571,-0.83
-21.315,-58.153,14.177,-1.455,1.571
-9.953,-41.349,14.546,-1.232,1.571
1.371,-30.32,13.401,-1.031,1.182
11.171,-24.876,11.978,-0.892,0.82
18.367,-22.313,10.604,-0.79,0.515
23.146,-21.35,9.408,-0.709,0.28
26.172,-21.241,8.429,-0.644,0.11
28.057,-21.514,7.661,-0.592,-0.006
29.221,-21.902,7.082,-0.553,-0.084
29.928,-22.279,6.661,-0.524,-0.137
30.339,-22.596,6.363,-0.503,-0.173
30.556,-22.846,6.158,-0.487,-0.198
30.643,-23.036,6.021,-0.475,-0.215
30.643,-23.178,5.932,-0.467,-0.228
30.583,-23.284,5.875,-0.461,-0.237
30.482,-23.364,5.839,-0.457,-0.244
30.353,-23.426,5.817,-0.454,-0.249
30.205,-23.475,5.803,-0.451,-0.253
30.044,-23.516,5.794,-0.45,-0.256
29.875,-23.551,5.787,-0.449,-0.259
29.701,-23.582,5.781,-0.448,-0.261
